sku_id,location_id,echelon_type,date,forecast,lead_time,service_level,Promotion,Discount_Percent,Price,Stockout_Flag,On_Hand,Open_POs,Holiday_Flag,Season,Channel,Region_Type,Climate
SKU_1,LOC_A,DC,2025-01-05,240.01,11,0.9,0,0.0,94.55,0,,179.82606888409703,0,Winter,Ecommerce,Urban,Tropical
SKU_1,LOC_A,DC,2025-01-12,219.22,11,0.9,0,0.0,94.55,0,,88.68542405674097,0,Winter,Ecommerce,Urban,Tropical
SKU_1,LOC_A,DC,2025-01-19,177.54,11,0.9,0,0.0,94.55,0,,150.29648298866465,0,Winter,Ecommerce,Urban,Tropical
SKU_1,LOC_A,DC,2025-01-26,154.27,11,0.9,0,0.0,94.55,0,,133.51443395208946,0,Winter,Ecommerce,Urban,Tropical
SKU_1,LOC_A,DC,2025-02-02,160.35,11,0.9,0,0.0,94.55,0,,91.99686404904263,0,Winter,Ecommerce,Urban,Tropical
SKU_1,LOC_A,DC,2025-02-09,194.43,11,0.9,0,0.0,94.55,0,,78.05656228362851,0,Winter,Ecommerce,Urban,Tropical
SKU_1,LOC_A,DC,2025-02-16,163.02,11,0.9,0,0.0,94.55,0,,113.81546579246252,0,Winter,Ecommerce,Urban,Tropical
SKU_1,LOC_A,DC,2025-02-23,156.19,11,0.9,0,0.0,94.55,0,,86.36145986226204,0,Winter,Ecommerce,Urban,Tropical
SKU_1,LOC_A,DC,2025-03-02,170.06,11,0.9,0,0.0,92.69,0,,141.59300636624488,0,Spring,Ecommerce,Urban,Tropical
SKU_1,LOC_A,DC,2025-03-09,157.46,11,0.9,0,0.0,92.69,0,,137.18573321339184,0,Spring,Ecommerce,Urban,Tropical
SKU_1,LOC_A,DC,2025-03-16,240.63,11,0.9,1,12.22,92.69,0,,129.8884148827379,1,Spring,Ecommerce,Urban,Tropical
SKU_1,LOC_A,DC,2025-03-23,232.56,11,0.9,1,10.05,92.69,0,,70.16220154084614,1,Spring,Ecommerce,Urban,Tropical
SKU_1,LOC_A,WH,2025-01-05,209.84,11,0.95,0,0.0,52.04,0,,172.69505361785934,0,Winter,Ecommerce,Rural,Tropical
SKU_1,LOC_A,WH,2025-01-12,224.59,11,0.95,0,0.0,52.04,0,,126.12016006412543,0,Winter,Ecommerce,Rural,Tropical
SKU_1,LOC_A,WH,2025-01-19,233.79,11,0.95,1,9.31,52.04,0,,142.53903775636132,0,Winter,Ecommerce,Rural,Tropical
SKU_1,LOC_A,WH,2025-01-26,250.05,11,0.95,0,0.0,52.04,0,,144.77202905250027,0,Winter,Ecommerce,Rural,Tropical
SKU_1,LOC_A,WH,2025-02-02,275.0,11,0.95,0,0.0,52.04,0,,145.1008554649417,0,Winter,Ecommerce,Rural,Tropical
SKU_1,LOC_A,WH,2025-02-09,260.45,11,0.95,0,0.0,52.04,0,,166.97680927267155,0,Winter,Ecommerce,Rural,Tropical
SKU_1,LOC_A,WH,2025-02-16,230.47,11,0.95,0,0.0,52.04,0,,164.1541853753042,0,Winter,Ecommerce,Rural,Tropical
SKU_1,LOC_A,WH,2025-02-23,238.45,11,0.95,0,0.0,52.04,0,,194.4488005788492,0,Winter,Ecommerce,Rural,Tropical
SKU_1,LOC_A,WH,2025-03-02,225.06,11,0.95,0,0.0,51.02,0,,144.89328397009223,0,Spring,Ecommerce,Rural,Tropical
SKU_1,LOC_A,WH,2025-03-09,250.83,11,0.95,0,0.0,51.02,0,,65.37645919860189,0,Spring,Ecommerce,Rural,Tropical
SKU_1,LOC_A,WH,2025-03-16,251.19,11,0.95,0,0.0,51.02,0,,153.18285834512199,1,Spring,Ecommerce,Rural,Tropical
SKU_1,LOC_A,WH,2025-03-23,263.12,11,0.95,1,9.51,51.02,0,,156.22581329679224,1,Spring,Ecommerce,Rural,Tropical
SKU_1,LOC_A,Store,2025-01-05,155.45,6,0.98,0,0.0,113.98,0,,69.15702254528523,0,Winter,General_Trade,Urban,Arid
SKU_1,LOC_A,Store,2025-01-12,155.99,6,0.98,0,0.0,113.98,0,,167.30421315055787,0,Winter,General_Trade,Urban,Arid
SKU_1,LOC_A,Store,2025-01-19,177.96,6,0.98,0,0.0,113.98,0,,55.42405707871432,0,Winter,General_Trade,Urban,Arid
SKU_1,LOC_A,Store,2025-01-26,188.99,6,0.98,0,0.0,113.98,0,,89.46688548662644,0,Winter,General_Trade,Urban,Arid
SKU_1,LOC_A,Store,2025-02-02,170.46,6,0.98,0,0.0,113.98,0,,63.14641201457578,0,Winter,General_Trade,Urban,Arid
SKU_1,LOC_A,Store,2025-02-09,192.85,6,0.98,0,0.0,113.98,0,,133.07033610685644,0,Winter,General_Trade,Urban,Arid
SKU_1,LOC_A,Store,2025-02-16,179.7,6,0.98,0,0.0,113.98,0,,109.5472275611425,0,Winter,General_Trade,Urban,Arid
SKU_1,LOC_A,Store,2025-02-23,182.43,6,0.98,0,0.0,113.98,0,,140.08915000409257,0,Winter,General_Trade,Urban,Arid
SKU_1,LOC_A,Store,2025-03-02,181.57,6,0.98,0,0.0,111.75,0,,187.90879598216262,0,Spring,General_Trade,Urban,Arid
SKU_1,LOC_A,Store,2025-03-09,196.23,6,0.98,0,0.0,111.75,0,,198.8237022234969,0,Spring,General_Trade,Urban,Arid
SKU_1,LOC_A,Store,2025-03-16,181.18,6,0.98,0,0.0,111.75,0,,81.27657715360037,1,Spring,General_Trade,Urban,Arid
SKU_1,LOC_A,Store,2025-03-23,202.35,6,0.98,0,0.0,111.75,0,,67.45495968282141,1,Spring,General_Trade,Urban,Arid
SKU_1,LOC_B,DC,2025-01-05,243.9,14,0.9,0,0.0,65.23,0,,51.891127996363856,0,Winter,General_Trade,Urban,Arid
SKU_1,LOC_B,DC,2025-01-12,225.65,14,0.9,0,0.0,65.23,0,,129.10994331840146,0,Winter,General_Trade,Urban,Arid
SKU_1,LOC_B,DC,2025-01-19,213.42,14,0.9,0,0.0,65.23,0,,183.5387079526703,0,Winter,General_Trade,Urban,Arid
SKU_1,LOC_B,DC,2025-01-26,278.36,14,0.9,1,15.97,65.23,0,,78.11179161463733,0,Winter,General_Trade,Urban,Arid
SKU_1,LOC_B,DC,2025-02-02,225.42,14,0.9,0,0.0,65.23,0,,172.8595270792484,0,Winter,General_Trade,Urban,Arid
SKU_1,LOC_B,DC,2025-02-09,223.36,14,0.9,0,0.0,65.23,0,,156.53641979349675,0,Winter,General_Trade,Urban,Arid
SKU_1,LOC_B,DC,2025-02-16,222.9,14,0.9,0,0.0,65.23,0,,120.6751848399222,0,Winter,General_Trade,Urban,Arid
SKU_1,LOC_B,DC,2025-02-23,232.91,14,0.9,0,0.0,65.23,0,,118.88977957598209,0,Winter,General_Trade,Urban,Arid
SKU_1,LOC_B,DC,2025-03-02,218.9,14,0.9,0,0.0,63.95,0,,124.13186708754499,0,Spring,General_Trade,Urban,Arid
SKU_1,LOC_B,DC,2025-03-09,219.34,14,0.9,0,0.0,63.95,0,,100.28120710563091,0,Spring,General_Trade,Urban,Arid
SKU_1,LOC_B,DC,2025-03-16,238.32,14,0.9,1,15.68,63.95,0,,173.89673190621227,1,Spring,General_Trade,Urban,Arid
SKU_1,LOC_B,DC,2025-03-23,218.79,14,0.9,1,8.6,63.95,0,,71.29579846414909,1,Spring,General_Trade,Urban,Arid
SKU_1,LOC_B,WH,2025-01-05,137.1,16,0.95,0,0.0,91.81,0,,60.76637093397696,0,Winter,Modern_Trade,Urban,Tropical
SKU_1,LOC_B,WH,2025-01-12,143.06,16,0.95,0,0.0,91.81,0,,86.28975204732944,0,Winter,Modern_Trade,Urban,Tropical
SKU_1,LOC_B,WH,2025-01-19,156.66,16,0.95,0,0.0,91.81,0,,173.3802191576295,0,Winter,Modern_Trade,Urban,Tropical
SKU_1,LOC_B,WH,2025-01-26,151.04,16,0.95,0,0.0,91.81,0,,132.87514511118337,0,Winter,Modern_Trade,Urban,Tropical
SKU_1,LOC_B,WH,2025-02-02,153.53,16,0.95,0,0.0,91.81,0,,71.43139420091175,0,Winter,Modern_Trade,Urban,Tropical
SKU_1,LOC_B,WH,2025-02-09,159.83,16,0.95,0,0.0,91.81,0,,90.71140706700716,0,Winter,Modern_Trade,Urban,Tropical
SKU_1,LOC_B,WH,2025-02-16,173.25,16,0.95,0,0.0,91.81,0,,92.64111393912751,0,Winter,Modern_Trade,Urban,Tropical
SKU_1,LOC_B,WH,2025-02-23,169.37,16,0.95,0,0.0,91.81,0,,144.4336545337605,0,Winter,Modern_Trade,Urban,Tropical
SKU_1,LOC_B,WH,2025-03-02,164.77,16,0.95,1,16.23,90.01,0,,97.6380192891675,0,Spring,Modern_Trade,Urban,Tropical
SKU_1,LOC_B,WH,2025-03-09,177.28,16,0.95,1,12.67,90.01,0,,57.02778627914047,0,Spring,Modern_Trade,Urban,Tropical
SKU_1,LOC_B,WH,2025-03-16,187.54,16,0.95,1,15.6,90.01,0,,59.40344324327988,1,Spring,Modern_Trade,Urban,Tropical
SKU_1,LOC_B,WH,2025-03-23,177.18,16,0.95,0,0.0,90.01,0,,50.572988398787466,1,Spring,Modern_Trade,Urban,Tropical
SKU_1,LOC_B,Store,2025-01-05,63.15,8,0.98,1,19.27,57.64,0,,94.59361854610005,0,Winter,General_Trade,Urban,Tropical
SKU_1,LOC_B,Store,2025-01-12,54.56,8,0.98,1,13.99,57.64,0,,143.5473167435399,0,Winter,General_Trade,Urban,Tropical
SKU_1,LOC_B,Store,2025-01-19,58.55,8,0.98,0,0.0,57.64,0,,90.1103041786312,0,Winter,General_Trade,Urban,Tropical
SKU_1,LOC_B,Store,2025-01-26,85.21,8,0.98,1,19.48,57.64,0,,87.63395685366538,0,Winter,General_Trade,Urban,Tropical
SKU_1,LOC_B,Store,2025-02-02,77.43,8,0.98,0,0.0,57.64,0,,155.99448048180642,0,Winter,General_Trade,Urban,Tropical
SKU_1,LOC_B,Store,2025-02-09,72.01,8,0.98,0,0.0,57.64,0,,96.93610913204724,0,Winter,General_Trade,Urban,Tropical
SKU_1,LOC_B,Store,2025-02-16,81.78,8,0.98,0,0.0,57.64,0,,139.65024240540546,0,Winter,General_Trade,Urban,Tropical
SKU_1,LOC_B,Store,2025-02-23,83.2,8,0.98,0,0.0,57.64,0,,192.01005933850934,0,Winter,General_Trade,Urban,Tropical
SKU_1,LOC_B,Store,2025-03-02,94.37,8,0.98,0,0.0,56.51,0,,73.22429188965798,0,Spring,General_Trade,Urban,Tropical
SKU_1,LOC_B,Store,2025-03-09,95.31,8,0.98,0,0.0,56.51,0,,160.4802842502189,0,Spring,General_Trade,Urban,Tropical
SKU_1,LOC_B,Store,2025-03-16,83.6,8,0.98,0,0.0,56.51,0,,80.39489512030147,1,Spring,General_Trade,Urban,Tropical
SKU_1,LOC_B,Store,2025-03-23,74.27,8,0.98,0,0.0,56.51,0,,155.17093916262104,1,Spring,General_Trade,Urban,Tropical
SKU_2,LOC_A,DC,2025-01-05,162.79,8,0.95,0,0.0,73.06,0,,169.743979581378,0,Winter,Ecommerce,Urban,Arid
SKU_2,LOC_A,DC,2025-01-12,173.35,8,0.95,0,0.0,73.06,0,,94.90750605580224,0,Winter,Ecommerce,Urban,Arid
SKU_2,LOC_A,DC,2025-01-19,170.55,8,0.95,0,0.0,73.06,0,,69.4518467336353,0,Winter,Ecommerce,Urban,Arid
SKU_2,LOC_A,DC,2025-01-26,200.41,8,0.95,0,0.0,73.06,0,,103.29796227108315,0,Winter,Ecommerce,Urban,Arid
SKU_2,LOC_A,DC,2025-02-02,230.65,8,0.95,0,0.0,73.06,0,,59.38472633291774,0,Winter,Ecommerce,Urban,Arid
SKU_2,LOC_A,DC,2025-02-09,172.53,8,0.95,0,0.0,73.06,0,,171.35354604375146,0,Winter,Ecommerce,Urban,Arid
SKU_2,LOC_A,DC,2025-02-16,264.76,8,0.95,0,0.0,73.06,0,,101.39677197837824,0,Winter,Ecommerce,Urban,Arid
SKU_2,LOC_A,DC,2025-02-23,210.15,8,0.95,0,0.0,73.06,0,,73.2387966715164,0,Winter,Ecommerce,Urban,Arid
SKU_2,LOC_A,DC,2025-03-02,208.99,8,0.95,1,12.27,71.63,0,,95.36292669178046,0,Spring,Ecommerce,Urban,Arid
SKU_2,LOC_A,DC,2025-03-09,232.68,8,0.95,0,0.0,71.63,0,,170.57073357252128,0,Spring,Ecommerce,Urban,Arid
SKU_2,LOC_A,DC,2025-03-16,208.59,8,0.95,1,13.71,71.63,0,,125.82631405847958,1,Spring,Ecommerce,Urban,Arid
SKU_2,LOC_A,DC,2025-03-23,220.29,8,0.95,1,14.36,71.63,0,,91.04606267911575,1,Spring,Ecommerce,Urban,Arid
SKU_2,LOC_A,WH,2025-01-05,80.33,16,0.98,0,0.0,143.75,0,,74.20510375825747,0,Winter,General_Trade,Rural,Tropical
SKU_2,LOC_A,WH,2025-01-12,131.92,16,0.98,0,0.0,143.75,0,,170.81484939499796,0,Winter,General_Trade,Rural,Tropical
SKU_2,LOC_A,WH,2025-01-19,122.8,16,0.98,0,0.0,143.75,0,,73.08498570406606,0,Winter,General_Trade,Rural,Tropical
SKU_2,LOC_A,WH,2025-01-26,119.28,16,0.98,0,0.0,143.75,0,,90.226155161737,0,Winter,General_Trade,Rural,Tropical
SKU_2,LOC_A,WH,2025-02-02,134.31,16,0.98,0,0.0,143.75,0,,111.26833721127238,0,Winter,General_Trade,Rural,Tropical
SKU_2,LOC_A,WH,2025-02-09,108.83,16,0.98,0,0.0,143.75,0,,58.50206482487531,0,Winter,General_Trade,Rural,Tropical
SKU_2,LOC_A,WH,2025-02-16,103.93,16,0.98,1,10.88,143.75,0,,154.57455382069708,0,Winter,General_Trade,Rural,Tropical
SKU_2,LOC_A,WH,2025-02-23,134.86,16,0.98,0,0.0,143.75,0,,146.22567218843776,0,Winter,General_Trade,Rural,Tropical
SKU_2,LOC_A,WH,2025-03-02,133.78,16,0.98,0,0.0,140.93,0,,182.91291632202746,0,Spring,General_Trade,Rural,Tropical
SKU_2,LOC_A,WH,2025-03-09,80.26,16,0.98,0,0.0,140.93,0,,94.59308064219897,0,Spring,General_Trade,Rural,Tropical
SKU_2,LOC_A,WH,2025-03-16,119.88,16,0.98,1,11.17,140.93,0,,86.0797377770223,1,Spring,General_Trade,Rural,Tropical
SKU_2,LOC_A,WH,2025-03-23,110.06,16,0.98,0,0.0,140.93,0,,173.90970268224282,1,Spring,General_Trade,Rural,Tropical
SKU_2,LOC_A,Store,2025-01-05,129.62,8,0.9,0,0.0,111.08,0,,169.4365414184581,0,Winter,Modern_Trade,Rural,Tropical
SKU_2,LOC_A,Store,2025-01-12,67.85,8,0.9,0,0.0,111.08,0,,141.5161883054352,0,Winter,Modern_Trade,Rural,Tropical
SKU_2,LOC_A,Store,2025-01-19,117.26,8,0.9,0,0.0,111.08,0,,69.97731885012851,0,Winter,Modern_Trade,Rural,Tropical
SKU_2,LOC_A,Store,2025-01-26,144.09,8,0.9,0,0.0,111.08,0,,112.8649209375628,0,Winter,Modern_Trade,Rural,Tropical
SKU_2,LOC_A,Store,2025-02-02,128.18,8,0.9,0,0.0,111.08,0,,127.05617828229572,0,Winter,Modern_Trade,Rural,Tropical
SKU_2,LOC_A,Store,2025-02-09,87.09,8,0.9,0,0.0,111.08,0,,50.96965366845658,0,Winter,Modern_Trade,Rural,Tropical
SKU_2,LOC_A,Store,2025-02-16,125.39,8,0.9,0,0.0,111.08,0,,92.84389828433646,0,Winter,Modern_Trade,Rural,Tropical
SKU_2,LOC_A,Store,2025-02-23,171.18,8,0.9,0,0.0,111.08,0,,53.591939790572525,0,Winter,Modern_Trade,Rural,Tropical
SKU_2,LOC_A,Store,2025-03-02,88.05,8,0.9,0,0.0,108.91,0,,191.22113562590982,0,Spring,Modern_Trade,Rural,Tropical
SKU_2,LOC_A,Store,2025-03-09,115.5,8,0.9,0,0.0,108.91,0,,120.7474236125893,0,Spring,Modern_Trade,Rural,Tropical
SKU_2,LOC_A,Store,2025-03-16,175.49,8,0.9,1,14.39,108.91,0,,132.57975208943384,1,Spring,Modern_Trade,Rural,Tropical
SKU_2,LOC_A,Store,2025-03-23,137.73,8,0.9,0,0.0,108.91,0,,128.2065532210612,1,Spring,Modern_Trade,Rural,Tropical
SKU_2,LOC_B,DC,2025-01-05,328.59,17,0.95,0,0.0,111.99,0,,93.7866760246711,0,Winter,General_Trade,Rural,Temperate
SKU_2,LOC_B,DC,2025-01-12,256.51,17,0.95,0,0.0,111.99,0,,122.3901853492281,0,Winter,General_Trade,Rural,Temperate
SKU_2,LOC_B,DC,2025-01-19,272.73,17,0.95,0,0.0,111.99,0,,195.09067855554466,0,Winter,General_Trade,Rural,Temperate
SKU_2,LOC_B,DC,2025-01-26,300.86,17,0.95,0,0.0,111.99,0,,193.57022488096942,0,Winter,General_Trade,Rural,Temperate
SKU_2,LOC_B,DC,2025-02-02,326.12,17,0.95,0,0.0,111.99,0,,121.26505110375807,0,Winter,General_Trade,Rural,Temperate
SKU_2,LOC_B,DC,2025-02-09,307.12,17,0.95,0,0.0,111.99,0,,128.7574010368077,0,Winter,General_Trade,Rural,Temperate
SKU_2,LOC_B,DC,2025-02-16,344.07,17,0.95,0,0.0,111.99,0,,87.82593162432948,0,Winter,General_Trade,Rural,Temperate
SKU_2,LOC_B,DC,2025-02-23,271.3,17,0.95,0,0.0,111.99,0,,68.51747987155326,0,Winter,General_Trade,Rural,Temperate
SKU_2,LOC_B,DC,2025-03-02,278.55,17,0.95,0,0.0,109.79,0,,50.14151229014466,0,Spring,General_Trade,Rural,Temperate
SKU_2,LOC_B,DC,2025-03-09,245.23,17,0.95,1,19.66,109.79,0,,86.35305427051435,0,Spring,General_Trade,Rural,Temperate
SKU_2,LOC_B,DC,2025-03-16,350.63,17,0.95,0,0.0,109.79,0,,175.86495481994172,1,Spring,General_Trade,Rural,Temperate
SKU_2,LOC_B,DC,2025-03-23,326.95,17,0.95,0,0.0,109.79,0,,72.97167501259344,1,Spring,General_Trade,Rural,Temperate
SKU_2,LOC_B,WH,2025-01-05,170.46,20,0.98,1,17.66,139.89,0,,119.04935759641477,0,Winter,Modern_Trade,Urban,Tropical
SKU_2,LOC_B,WH,2025-01-12,254.81,20,0.98,0,0.0,139.89,0,,70.0667217490952,0,Winter,Modern_Trade,Urban,Tropical
SKU_2,LOC_B,WH,2025-01-19,211.22,20,0.98,0,0.0,139.89,0,,60.899838137173504,0,Winter,Modern_Trade,Urban,Tropical
SKU_2,LOC_B,WH,2025-01-26,189.6,20,0.98,0,0.0,139.89,0,,102.17335211495688,0,Winter,Modern_Trade,Urban,Tropical
SKU_2,LOC_B,WH,2025-02-02,180.06,20,0.98,0,0.0,139.89,0,,131.72016279141474,0,Winter,Modern_Trade,Urban,Tropical
SKU_2,LOC_B,WH,2025-02-09,180.68,20,0.98,0,0.0,139.89,0,,93.45919756073219,0,Winter,Modern_Trade,Urban,Tropical
SKU_2,LOC_B,WH,2025-02-16,159.22,20,0.98,0,0.0,139.89,0,,82.0314281735512,0,Winter,Modern_Trade,Urban,Tropical
SKU_2,LOC_B,WH,2025-02-23,216.07,20,0.98,0,0.0,139.89,0,,155.60471788874855,0,Winter,Modern_Trade,Urban,Tropical
SKU_2,LOC_B,WH,2025-03-02,210.41,20,0.98,0,0.0,137.14,0,,105.00183195544722,0,Spring,Modern_Trade,Urban,Tropical
SKU_2,LOC_B,WH,2025-03-09,202.33,20,0.98,0,0.0,137.14,0,,196.46847941531152,0,Spring,Modern_Trade,Urban,Tropical
SKU_2,LOC_B,WH,2025-03-16,231.99,20,0.98,0,0.0,137.14,0,,170.02063741281137,1,Spring,Modern_Trade,Urban,Tropical
SKU_2,LOC_B,WH,2025-03-23,210.05,20,0.98,1,6.02,137.14,0,,97.5356206580937,1,Spring,Modern_Trade,Urban,Tropical
SKU_2,LOC_B,Store,2025-01-05,101.43,17,0.9,0,0.0,108.48,0,,117.03112928006584,0,Winter,Modern_Trade,Urban,Tropical
SKU_2,LOC_B,Store,2025-01-12,116.75,17,0.9,0,0.0,108.48,0,,83.07057214990547,0,Winter,Modern_Trade,Urban,Tropical
SKU_2,LOC_B,Store,2025-01-19,91.29,17,0.9,0,0.0,108.48,0,,110.94983464456517,0,Winter,Modern_Trade,Urban,Tropical
SKU_2,LOC_B,Store,2025-01-26,158.75,17,0.9,0,0.0,108.48,0,,156.56327225186175,0,Winter,Modern_Trade,Urban,Tropical
SKU_2,LOC_B,Store,2025-02-02,137.37,17,0.9,0,0.0,108.48,0,,127.59082546314659,0,Winter,Modern_Trade,Urban,Tropical
SKU_2,LOC_B,Store,2025-02-09,124.2,17,0.9,1,19.77,108.48,0,,149.96109570423783,0,Winter,Modern_Trade,Urban,Tropical
SKU_2,LOC_B,Store,2025-02-16,191.72,17,0.9,0,0.0,108.48,0,,137.87125913228664,0,Winter,Modern_Trade,Urban,Tropical
SKU_2,LOC_B,Store,2025-02-23,134.23,17,0.9,0,0.0,108.48,0,,194.87550032113754,0,Winter,Modern_Trade,Urban,Tropical
SKU_2,LOC_B,Store,2025-03-02,175.69,17,0.9,0,0.0,106.36,0,,147.20454770828212,0,Spring,Modern_Trade,Urban,Tropical
SKU_2,LOC_B,Store,2025-03-09,126.58,17,0.9,0,0.0,106.36,0,,157.63420739728036,0,Spring,Modern_Trade,Urban,Tropical
SKU_2,LOC_B,Store,2025-03-16,126.45,17,0.9,0,0.0,106.36,0,,151.0129593367149,1,Spring,Modern_Trade,Urban,Tropical
SKU_2,LOC_B,Store,2025-03-23,216.64,17,0.9,0,0.0,106.36,0,,183.87036409280176,1,Spring,Modern_Trade,Urban,Tropical
SKU_3,LOC_A,DC,2025-01-05,215.36,13,0.98,0,0.0,93.1,0,,116.39822723906497,0,Winter,Modern_Trade,Urban,Temperate
SKU_3,LOC_A,DC,2025-01-12,235.8,13,0.98,0,0.0,93.1,0,,166.68641101228053,0,Winter,Modern_Trade,Urban,Temperate
SKU_3,LOC_A,DC,2025-01-19,192.56,13,0.98,0,0.0,93.1,0,,116.46910179843718,0,Winter,Modern_Trade,Urban,Temperate
SKU_3,LOC_A,DC,2025-01-26,197.9,13,0.98,0,0.0,93.1,0,,105.10107729159199,0,Winter,Modern_Trade,Urban,Temperate
SKU_3,LOC_A,DC,2025-02-02,195.73,13,0.98,0,0.0,93.1,0,,171.3199166751726,0,Winter,Modern_Trade,Urban,Temperate
SKU_3,LOC_A,DC,2025-02-09,192.18,13,0.98,0,0.0,93.1,0,,128.6382080806605,0,Winter,Modern_Trade,Urban,Temperate
SKU_3,LOC_A,DC,2025-02-16,211.1,13,0.98,0,0.0,93.1,0,,90.41591694554825,0,Winter,Modern_Trade,Urban,Temperate
SKU_3,LOC_A,DC,2025-02-23,234.95,13,0.98,0,0.0,93.1,0,,190.01196905351821,0,Winter,Modern_Trade,Urban,Temperate
SKU_3,LOC_A,DC,2025-03-02,209.13,13,0.98,0,0.0,91.28,0,,136.57800143349633,0,Spring,Modern_Trade,Urban,Temperate
SKU_3,LOC_A,DC,2025-03-09,222.06,13,0.98,0,0.0,91.28,0,,54.39491646551276,0,Spring,Modern_Trade,Urban,Temperate
SKU_3,LOC_A,DC,2025-03-16,200.01,13,0.98,0,0.0,91.28,0,,126.42633098363028,1,Spring,Modern_Trade,Urban,Temperate
SKU_3,LOC_A,DC,2025-03-23,223.16,13,0.98,0,0.0,91.28,0,,103.91357402462256,1,Spring,Modern_Trade,Urban,Temperate
SKU_3,LOC_A,WH,2025-01-05,256.49,12,0.9,0,0.0,132.26,0,,84.61018853105807,0,Winter,Modern_Trade,Rural,Tropical
SKU_3,LOC_A,WH,2025-01-12,256.13,12,0.9,0,0.0,132.26,0,,165.84013352562587,0,Winter,Modern_Trade,Rural,Tropical
SKU_3,LOC_A,WH,2025-01-19,271.08,12,0.9,1,17.41,132.26,0,,114.15036287362535,0,Winter,Modern_Trade,Rural,Tropical
SKU_3,LOC_A,WH,2025-01-26,203.08,12,0.9,0,0.0,132.26,0,,63.44783468535185,0,Winter,Modern_Trade,Rural,Tropical
SKU_3,LOC_A,WH,2025-02-02,335.2,12,0.9,0,0.0,132.26,0,,63.45513785222687,0,Winter,Modern_Trade,Rural,Tropical
SKU_3,LOC_A,WH,2025-02-09,319.77,12,0.9,0,0.0,132.26,0,,171.08924739893757,0,Winter,Modern_Trade,Rural,Tropical
SKU_3,LOC_A,WH,2025-02-16,316.92,12,0.9,0,0.0,132.26,0,,83.54038224855066,0,Winter,Modern_Trade,Rural,Tropical
SKU_3,LOC_A,WH,2025-02-23,274.61,12,0.9,0,0.0,132.26,0,,101.68948935904577,0,Winter,Modern_Trade,Rural,Tropical
SKU_3,LOC_A,WH,2025-03-02,313.01,12,0.9,0,0.0,129.67,0,,134.47465826809324,0,Spring,Modern_Trade,Rural,Tropical
SKU_3,LOC_A,WH,2025-03-09,280.65,12,0.9,0,0.0,129.67,0,,50.57454357504839,0,Spring,Modern_Trade,Rural,Tropical
SKU_3,LOC_A,WH,2025-03-16,272.96,12,0.9,1,19.08,129.67,0,,75.6628950285743,1,Spring,Modern_Trade,Rural,Tropical
SKU_3,LOC_A,WH,2025-03-23,248.54,12,0.9,1,13.55,129.67,0,,179.2765734942245,1,Spring,Modern_Trade,Rural,Tropical
SKU_3,LOC_A,Store,2025-01-05,172.76,9,0.95,0,0.0,94.91,0,,60.56910165004375,0,Winter,Ecommerce,Rural,Arid
SKU_3,LOC_A,Store,2025-01-12,197.28,9,0.95,0,0.0,94.91,0,,98.67599737534209,0,Winter,Ecommerce,Rural,Arid
SKU_3,LOC_A,Store,2025-01-19,172.95,9,0.95,0,0.0,94.91,0,,92.40010408117385,0,Winter,Ecommerce,Rural,Arid
SKU_3,LOC_A,Store,2025-01-26,142.22,9,0.95,0,0.0,94.91,0,,150.69566353464197,0,Winter,Ecommerce,Rural,Arid
SKU_3,LOC_A,Store,2025-02-02,206.11,9,0.95,0,0.0,94.91,0,,122.96635807128118,0,Winter,Ecommerce,Rural,Arid
SKU_3,LOC_A,Store,2025-02-09,182.73,9,0.95,0,0.0,94.91,0,,180.0282819540599,0,Winter,Ecommerce,Rural,Arid
SKU_3,LOC_A,Store,2025-02-16,177.05,9,0.95,0,0.0,94.91,0,,150.35802729754218,0,Winter,Ecommerce,Rural,Arid
SKU_3,LOC_A,Store,2025-02-23,204.55,9,0.95,0,0.0,94.91,0,,191.86647458695208,0,Winter,Ecommerce,Rural,Arid
SKU_3,LOC_A,Store,2025-03-02,202.08,9,0.95,0,0.0,93.05,0,,166.20094057726976,0,Spring,Ecommerce,Rural,Arid
SKU_3,LOC_A,Store,2025-03-09,168.59,9,0.95,0,0.0,93.05,0,,190.03897155518774,0,Spring,Ecommerce,Rural,Arid
SKU_3,LOC_A,Store,2025-03-16,217.96,9,0.95,0,0.0,93.05,0,,163.07205694675534,1,Spring,Ecommerce,Rural,Arid
SKU_3,LOC_A,Store,2025-03-23,204.73,9,0.95,1,11.65,93.05,0,,142.67197918839298,1,Spring,Ecommerce,Rural,Arid
SKU_3,LOC_B,DC,2025-01-05,286.25,5,0.98,0,0.0,116.03,0,,88.91737566021145,0,Winter,General_Trade,Rural,Tropical
SKU_3,LOC_B,DC,2025-01-12,219.44,5,0.98,1,6.79,116.03,0,,83.68735739808517,0,Winter,General_Trade,Rural,Tropical
SKU_3,LOC_B,DC,2025-01-19,233.51,5,0.98,0,0.0,116.03,0,,176.06641258190302,0,Winter,General_Trade,Rural,Tropical
SKU_3,LOC_B,DC,2025-01-26,211.58,5,0.98,0,0.0,116.03,0,,168.35609063030705,0,Winter,General_Trade,Rural,Tropical
SKU_3,LOC_B,DC,2025-02-02,277.15,5,0.98,0,0.0,116.03,0,,110.69806124728252,0,Winter,General_Trade,Rural,Tropical
SKU_3,LOC_B,DC,2025-02-09,197.69,5,0.98,0,0.0,116.03,0,,78.78097766067523,0,Winter,General_Trade,Rural,Tropical
SKU_3,LOC_B,DC,2025-02-16,312.94,5,0.98,1,13.86,116.03,0,,198.38250251308793,0,Winter,General_Trade,Rural,Tropical
SKU_3,LOC_B,DC,2025-02-23,271.64,5,0.98,0,0.0,116.03,0,,57.002722984891065,0,Winter,General_Trade,Rural,Tropical
SKU_3,LOC_B,DC,2025-03-02,257.48,5,0.98,0,0.0,113.76,0,,87.88790100270863,0,Spring,General_Trade,Rural,Tropical
SKU_3,LOC_B,DC,2025-03-09,207.99,5,0.98,0,0.0,113.76,0,,155.5905000551773,0,Spring,General_Trade,Rural,Tropical
SKU_3,LOC_B,DC,2025-03-16,310.35,5,0.98,0,0.0,113.76,0,,111.3390853635008,1,Spring,General_Trade,Rural,Tropical
SKU_3,LOC_B,DC,2025-03-23,328.24,5,0.98,0,0.0,113.76,0,,119.72821712199061,1,Spring,General_Trade,Rural,Tropical
SKU_3,LOC_B,WH,2025-01-05,243.51,15,0.9,0,0.0,122.12,0,,123.83242749312002,0,Winter,Ecommerce,Rural,Arid
SKU_3,LOC_B,WH,2025-01-12,205.45,15,0.9,0,0.0,122.12,0,,111.93667843838199,0,Winter,Ecommerce,Rural,Arid
SKU_3,LOC_B,WH,2025-01-19,245.46,15,0.9,0,0.0,122.12,0,,57.394949361375495,0,Winter,Ecommerce,Rural,Arid
SKU_3,LOC_B,WH,2025-01-26,273.3,15,0.9,1,8.67,122.12,0,,152.08746393781507,0,Winter,Ecommerce,Rural,Arid
SKU_3,LOC_B,WH,2025-02-02,229.82,15,0.9,0,0.0,122.12,0,,67.06429382068241,0,Winter,Ecommerce,Rural,Arid
SKU_3,LOC_B,WH,2025-02-09,194.82,15,0.9,0,0.0,122.12,0,,147.175555791234,0,Winter,Ecommerce,Rural,Arid
SKU_3,LOC_B,WH,2025-02-16,183.06,15,0.9,0,0.0,122.12,0,,76.76760111475622,0,Winter,Ecommerce,Rural,Arid
SKU_3,LOC_B,WH,2025-02-23,205.91,15,0.9,1,19.11,122.12,0,,89.09995738431526,0,Winter,Ecommerce,Rural,Arid
SKU_3,LOC_B,WH,2025-03-02,259.05,15,0.9,0,0.0,119.73,0,,179.52371756942273,0,Spring,Ecommerce,Rural,Arid
SKU_3,LOC_B,WH,2025-03-09,199.18,15,0.9,0,0.0,119.73,0,,75.32504099788551,0,Spring,Ecommerce,Rural,Arid
SKU_3,LOC_B,WH,2025-03-16,243.19,15,0.9,0,0.0,119.73,0,,165.38758388623802,1,Spring,Ecommerce,Rural,Arid
SKU_3,LOC_B,WH,2025-03-23,266.38,15,0.9,0,0.0,119.73,0,,100.58030527534291,1,Spring,Ecommerce,Rural,Arid
SKU_3,LOC_B,Store,2025-01-05,141.99,11,0.95,0,0.0,52.52,0,,54.37560028611117,0,Winter,Ecommerce,Rural,Arid
SKU_3,LOC_B,Store,2025-01-12,115.91,11,0.95,0,0.0,52.52,0,,109.36172447710317,0,Winter,Ecommerce,Rural,Arid
SKU_3,LOC_B,Store,2025-01-19,142.87,11,0.95,0,0.0,52.52,0,,180.04115642457685,0,Winter,Ecommerce,Rural,Arid
SKU_3,LOC_B,Store,2025-01-26,163.76,11,0.95,0,0.0,52.52,0,,178.66483225586634,0,Winter,Ecommerce,Rural,Arid
SKU_3,LOC_B,Store,2025-02-02,162.23,11,0.95,0,0.0,52.52,0,,69.63968781901661,0,Winter,Ecommerce,Rural,Arid
SKU_3,LOC_B,Store,2025-02-09,130.39,11,0.95,0,0.0,52.52,0,,80.91106699057629,0,Winter,Ecommerce,Rural,Arid
SKU_3,LOC_B,Store,2025-02-16,133.87,11,0.95,0,0.0,52.52,0,,59.75011834233327,0,Winter,Ecommerce,Rural,Arid
SKU_3,LOC_B,Store,2025-02-23,143.65,11,0.95,0,0.0,52.52,0,,68.89109615712509,0,Winter,Ecommerce,Rural,Arid
SKU_3,LOC_B,Store,2025-03-02,143.06,11,0.95,0,0.0,51.49,0,,179.63459033923357,0,Spring,Ecommerce,Rural,Arid
SKU_3,LOC_B,Store,2025-03-09,117.68,11,0.95,0,0.0,51.49,0,,161.65523064559858,0,Spring,Ecommerce,Rural,Arid
SKU_3,LOC_B,Store,2025-03-16,106.17,11,0.95,0,0.0,51.49,0,,170.46134635066173,1,Spring,Ecommerce,Rural,Arid
SKU_3,LOC_B,Store,2025-03-23,187.07,11,0.95,0,0.0,51.49,0,,167.87127263665252,1,Spring,Ecommerce,Rural,Arid
SKU_4,LOC_A,DC,2025-01-05,241.63,17,0.9,1,12.78,121.94,0,,140.8639234038458,0,Winter,General_Trade,Urban,Tropical
SKU_4,LOC_A,DC,2025-01-12,235.06,17,0.9,0,0.0,121.94,0,,138.420620463987,0,Winter,General_Trade,Urban,Tropical
SKU_4,LOC_A,DC,2025-01-19,186.81,17,0.9,0,0.0,121.94,0,,136.01024388465558,0,Winter,General_Trade,Urban,Tropical
SKU_4,LOC_A,DC,2025-01-26,268.19,17,0.9,0,0.0,121.94,0,,174.25672184024694,0,Winter,General_Trade,Urban,Tropical
SKU_4,LOC_A,DC,2025-02-02,162.02,17,0.9,0,0.0,121.94,0,,85.58815454857059,0,Winter,General_Trade,Urban,Tropical
SKU_4,LOC_A,DC,2025-02-09,243.64,17,0.9,0,0.0,121.94,0,,125.66315595728196,0,Winter,General_Trade,Urban,Tropical
SKU_4,LOC_A,DC,2025-02-16,225.95,17,0.9,0,0.0,121.94,0,,125.48288107744432,0,Winter,General_Trade,Urban,Tropical
SKU_4,LOC_A,DC,2025-02-23,210.78,17,0.9,1,15.85,121.94,0,,170.89551930064306,0,Winter,General_Trade,Urban,Tropical
SKU_4,LOC_A,DC,2025-03-02,209.54,17,0.9,0,0.0,119.55,0,,149.61886089250254,0,Spring,General_Trade,Urban,Tropical
SKU_4,LOC_A,DC,2025-03-09,182.3,17,0.9,0,0.0,119.55,0,,183.3679033591164,0,Spring,General_Trade,Urban,Tropical
SKU_4,LOC_A,DC,2025-03-16,192.84,17,0.9,0,0.0,119.55,0,,128.81479974644634,1,Spring,General_Trade,Urban,Tropical
SKU_4,LOC_A,DC,2025-03-23,291.57,17,0.9,0,0.0,119.55,0,,182.5024551533156,1,Spring,General_Trade,Urban,Tropical
SKU_4,LOC_A,WH,2025-01-05,121.96,9,0.95,0,0.0,57.67,0,,120.47681524755124,0,Winter,Ecommerce,Urban,Temperate
SKU_4,LOC_A,WH,2025-01-12,90.62,9,0.95,0,0.0,57.67,0,,163.24103002374935,0,Winter,Ecommerce,Urban,Temperate
SKU_4,LOC_A,WH,2025-01-19,139.28,9,0.95,0,0.0,57.67,0,,70.73481301780058,0,Winter,Ecommerce,Urban,Temperate
SKU_4,LOC_A,WH,2025-01-26,136.77,9,0.95,0,0.0,57.67,0,,196.98716491735706,0,Winter,Ecommerce,Urban,Temperate
SKU_4,LOC_A,WH,2025-02-02,133.02,9,0.95,0,0.0,57.67,0,,141.82379884148435,0,Winter,Ecommerce,Urban,Temperate
SKU_4,LOC_A,WH,2025-02-09,81.76,9,0.95,0,0.0,57.67,0,,60.653685147398996,0,Winter,Ecommerce,Urban,Temperate
SKU_4,LOC_A,WH,2025-02-16,145.68,9,0.95,0,0.0,57.67,0,,155.32464929724688,0,Winter,Ecommerce,Urban,Temperate
SKU_4,LOC_A,WH,2025-02-23,108.92,9,0.95,0,0.0,57.67,0,,180.81590956198716,0,Winter,Ecommerce,Urban,Temperate
SKU_4,LOC_A,WH,2025-03-02,137.33,9,0.95,0,0.0,56.54,0,,62.93737569559474,0,Spring,Ecommerce,Urban,Temperate
SKU_4,LOC_A,WH,2025-03-09,167.75,9,0.95,0,0.0,56.54,0,,106.72945242923285,0,Spring,Ecommerce,Urban,Temperate
SKU_4,LOC_A,WH,2025-03-16,77.45,9,0.95,0,0.0,56.54,0,,168.8004689195294,1,Spring,Ecommerce,Urban,Temperate
SKU_4,LOC_A,WH,2025-03-23,152.86,9,0.95,0,0.0,56.54,0,,157.42468072664167,1,Spring,Ecommerce,Urban,Temperate
SKU_4,LOC_A,Store,2025-01-05,89.93,15,0.98,0,0.0,61.76,0,,182.599666530678,0,Winter,General_Trade,Urban,Tropical
SKU_4,LOC_A,Store,2025-01-12,79.39,15,0.98,0,0.0,61.76,0,,187.72897376925545,0,Winter,General_Trade,Urban,Tropical
SKU_4,LOC_A,Store,2025-01-19,106.72,15,0.98,0,0.0,61.76,0,,196.8284022767352,0,Winter,General_Trade,Urban,Tropical
SKU_4,LOC_A,Store,2025-01-26,96.53,15,0.98,0,0.0,61.76,0,,91.99059945378599,0,Winter,General_Trade,Urban,Tropical
SKU_4,LOC_A,Store,2025-02-02,118.46,15,0.98,0,0.0,61.76,0,,66.83616079873829,0,Winter,General_Trade,Urban,Tropical
SKU_4,LOC_A,Store,2025-02-09,99.86,15,0.98,0,0.0,61.76,0,,142.1275585976809,0,Winter,General_Trade,Urban,Tropical
SKU_4,LOC_A,Store,2025-02-16,127.1,15,0.98,0,0.0,61.76,0,,184.8875460472347,0,Winter,General_Trade,Urban,Tropical
SKU_4,LOC_A,Store,2025-02-23,93.51,15,0.98,0,0.0,61.76,0,,50.84469691220806,0,Winter,General_Trade,Urban,Tropical
SKU_4,LOC_A,Store,2025-03-02,103.7,15,0.98,0,0.0,60.55,0,,64.9589305780052,0,Spring,General_Trade,Urban,Tropical
SKU_4,LOC_A,Store,2025-03-09,132.03,15,0.98,0,0.0,60.55,0,,125.20264904506189,0,Spring,General_Trade,Urban,Tropical
SKU_4,LOC_A,Store,2025-03-16,107.47,15,0.98,1,10.23,60.55,0,,76.87695119379839,1,Spring,General_Trade,Urban,Tropical
SKU_4,LOC_A,Store,2025-03-23,75.54,15,0.98,0,0.0,60.55,0,,119.640855398651,1,Spring,General_Trade,Urban,Tropical
SKU_4,LOC_B,DC,2025-01-05,198.6,16,0.9,0,0.0,136.03,0,,189.99146185686,0,Winter,Modern_Trade,Rural,Temperate
SKU_4,LOC_B,DC,2025-01-12,106.68,16,0.9,0,0.0,136.03,0,,153.9457690660501,0,Winter,Modern_Trade,Rural,Temperate
SKU_4,LOC_B,DC,2025-01-19,165.54,16,0.9,1,11.42,136.03,0,,79.62294224780484,0,Winter,Modern_Trade,Rural,Temperate
SKU_4,LOC_B,DC,2025-01-26,178.08,16,0.9,0,0.0,136.03,0,,76.18759770145404,0,Winter,Modern_Trade,Rural,Temperate
SKU_4,LOC_B,DC,2025-02-02,186.77,16,0.9,0,0.0,136.03,0,,127.52551516017488,0,Winter,Modern_Trade,Rural,Temperate
SKU_4,LOC_B,DC,2025-02-09,134.15,16,0.9,0,0.0,136.03,0,,81.47970159186818,0,Winter,Modern_Trade,Rural,Temperate
SKU_4,LOC_B,DC,2025-02-16,135.59,16,0.9,0,0.0,136.03,0,,63.33942841325358,0,Winter,Modern_Trade,Rural,Temperate
SKU_4,LOC_B,DC,2025-02-23,154.24,16,0.9,1,10.58,136.03,0,,158.09966817617936,0,Winter,Modern_Trade,Rural,Temperate
SKU_4,LOC_B,DC,2025-03-02,99.02,16,0.9,0,0.0,133.36,0,,113.43147027001683,0,Spring,Modern_Trade,Rural,Temperate
SKU_4,LOC_B,DC,2025-03-09,174.57,16,0.9,0,0.0,133.36,0,,104.81772269799103,0,Spring,Modern_Trade,Rural,Temperate
SKU_4,LOC_B,DC,2025-03-16,178.36,16,0.9,0,0.0,133.36,0,,58.235733636616146,1,Spring,Modern_Trade,Rural,Temperate
SKU_4,LOC_B,DC,2025-03-23,143.61,16,0.9,0,0.0,133.36,0,,183.69239972416258,1,Spring,Modern_Trade,Rural,Temperate
SKU_4,LOC_B,WH,2025-01-05,190.55,16,0.95,0,0.0,50.03,0,,56.295908936525905,0,Winter,Ecommerce,Rural,Tropical
SKU_4,LOC_B,WH,2025-01-12,176.45,16,0.95,0,0.0,50.03,0,,109.69295843020002,0,Winter,Ecommerce,Rural,Tropical
SKU_4,LOC_B,WH,2025-01-19,156.74,16,0.95,0,0.0,50.03,0,,117.70050877311459,0,Winter,Ecommerce,Rural,Tropical
SKU_4,LOC_B,WH,2025-01-26,221.41,16,0.95,0,0.0,50.03,0,,114.8500849817998,0,Winter,Ecommerce,Rural,Tropical
SKU_4,LOC_B,WH,2025-02-02,176.95,16,0.95,0,0.0,50.03,0,,63.29494621243711,0,Winter,Ecommerce,Rural,Tropical
SKU_4,LOC_B,WH,2025-02-09,183.27,16,0.95,0,0.0,50.03,0,,122.03550702065401,0,Winter,Ecommerce,Rural,Tropical
SKU_4,LOC_B,WH,2025-02-16,185.36,16,0.95,0,0.0,50.03,0,,174.52744499265407,0,Winter,Ecommerce,Rural,Tropical
SKU_4,LOC_B,WH,2025-02-23,275.35,16,0.95,0,0.0,50.03,0,,114.56328621319503,0,Winter,Ecommerce,Rural,Tropical
SKU_4,LOC_B,WH,2025-03-02,209.25,16,0.95,0,0.0,49.05,0,,106.20965338036397,0,Spring,Ecommerce,Rural,Tropical
SKU_4,LOC_B,WH,2025-03-09,228.74,16,0.95,0,0.0,49.05,0,,174.3394836789518,0,Spring,Ecommerce,Rural,Tropical
SKU_4,LOC_B,WH,2025-03-16,187.24,16,0.95,1,6.62,49.05,0,,114.18042722794868,1,Spring,Ecommerce,Rural,Tropical
SKU_4,LOC_B,WH,2025-03-23,196.9,16,0.95,1,14.29,49.05,0,,71.55374108926009,1,Spring,Ecommerce,Rural,Tropical
SKU_4,LOC_B,Store,2025-01-05,48.79,17,0.98,0,0.0,75.13,0,,176.66394996801301,0,Winter,Modern_Trade,Rural,Tropical
SKU_4,LOC_B,Store,2025-01-12,46.53,17,0.98,0,0.0,75.13,0,,107.35468968750664,0,Winter,Modern_Trade,Rural,Tropical
SKU_4,LOC_B,Store,2025-01-19,74.59,17,0.98,0,0.0,75.13,0,,114.81757634238417,0,Winter,Modern_Trade,Rural,Tropical
SKU_4,LOC_B,Store,2025-01-26,62.7,17,0.98,0,0.0,75.13,0,,116.91714606877817,0,Winter,Modern_Trade,Rural,Tropical
SKU_4,LOC_B,Store,2025-02-02,89.2,17,0.98,0,0.0,75.13,0,,120.57576184884908,0,Winter,Modern_Trade,Rural,Tropical
SKU_4,LOC_B,Store,2025-02-09,85.93,17,0.98,1,18.23,75.13,0,,116.65907283736547,0,Winter,Modern_Trade,Rural,Tropical
SKU_4,LOC_B,Store,2025-02-16,66.9,17,0.98,0,0.0,75.13,0,,70.87817041369806,0,Winter,Modern_Trade,Rural,Tropical
SKU_4,LOC_B,Store,2025-02-23,57.78,17,0.98,1,8.68,75.13,0,,155.68790482000253,0,Winter,Modern_Trade,Rural,Tropical
SKU_4,LOC_B,Store,2025-03-02,96.83,17,0.98,1,18.63,73.65,0,,82.25338540342769,0,Spring,Modern_Trade,Rural,Tropical
SKU_4,LOC_B,Store,2025-03-09,99.44,17,0.98,0,0.0,73.65,0,,77.22619424322433,0,Spring,Modern_Trade,Rural,Tropical
SKU_4,LOC_B,Store,2025-03-16,76.06,17,0.98,1,16.58,73.65,0,,181.25517968678878,1,Spring,Modern_Trade,Rural,Tropical
SKU_4,LOC_B,Store,2025-03-23,86.8,17,0.98,0,0.0,73.65,0,,78.22999725197934,1,Spring,Modern_Trade,Rural,Tropical
SKU_5,LOC_A,DC,2025-01-05,85.09,7,0.95,1,7.0,105.77,0,,148.19322436955827,0,Winter,Ecommerce,Rural,Arid
SKU_5,LOC_A,DC,2025-01-12,207.66,7,0.95,0,0.0,105.77,0,,198.23052390904613,0,Winter,Ecommerce,Rural,Arid
SKU_5,LOC_A,DC,2025-01-19,282.65,7,0.95,0,0.0,105.77,0,,139.90688333916526,0,Winter,Ecommerce,Rural,Arid
SKU_5,LOC_A,DC,2025-01-26,208.21,7,0.95,0,0.0,105.77,0,,75.05626720072289,0,Winter,Ecommerce,Rural,Arid
SKU_5,LOC_A,DC,2025-02-02,183.87,7,0.95,0,0.0,105.77,0,,163.24680997237448,0,Winter,Ecommerce,Rural,Arid
SKU_5,LOC_A,DC,2025-02-09,211.27,7,0.95,1,17.92,105.77,0,,171.96575706662657,0,Winter,Ecommerce,Rural,Arid
SKU_5,LOC_A,DC,2025-02-16,305.32,7,0.95,1,6.37,105.77,0,,57.36903408377785,0,Winter,Ecommerce,Rural,Arid
SKU_5,LOC_A,DC,2025-02-23,110.03,7,0.95,0,0.0,105.77,0,,126.39334860198892,0,Winter,Ecommerce,Rural,Arid
SKU_5,LOC_A,DC,2025-03-02,168.99,7,0.95,0,0.0,103.69,0,,90.1500139654164,0,Spring,Ecommerce,Rural,Arid
SKU_5,LOC_A,DC,2025-03-09,137.48,7,0.95,0,0.0,103.69,0,,105.23941848078698,0,Spring,Ecommerce,Rural,Arid
SKU_5,LOC_A,DC,2025-03-16,117.6,7,0.95,1,9.5,103.69,0,,129.66641338162333,1,Spring,Ecommerce,Rural,Arid
SKU_5,LOC_A,DC,2025-03-23,152.45,7,0.95,0,0.0,103.69,0,,91.07637786488888,1,Spring,Ecommerce,Rural,Arid
SKU_5,LOC_A,WH,2025-01-05,239.68,8,0.98,0,0.0,99.68,0,,65.10404016557047,0,Winter,Ecommerce,Urban,Arid
SKU_5,LOC_A,WH,2025-01-12,74.83,8,0.98,0,0.0,99.68,0,,96.07249252849283,0,Winter,Ecommerce,Urban,Arid
SKU_5,LOC_A,WH,2025-01-19,199.65,8,0.98,0,0.0,99.68,0,,180.40101618610328,0,Winter,Ecommerce,Urban,Arid
SKU_5,LOC_A,WH,2025-01-26,92.35,8,0.98,0,0.0,99.68,0,,62.178168057564676,0,Winter,Ecommerce,Urban,Arid
SKU_5,LOC_A,WH,2025-02-02,313.04,8,0.98,0,0.0,99.68,0,,100.45530678255646,0,Winter,Ecommerce,Urban,Arid
SKU_5,LOC_A,WH,2025-02-09,221.26,8,0.98,0,0.0,99.68,0,,54.81796341017217,0,Winter,Ecommerce,Urban,Arid
SKU_5,LOC_A,WH,2025-02-16,205.47,8,0.98,0,0.0,99.68,0,,152.9558349158965,0,Winter,Ecommerce,Urban,Arid
SKU_5,LOC_A,WH,2025-02-23,324.98,8,0.98,0,0.0,99.68,0,,178.63815136436023,0,Winter,Ecommerce,Urban,Arid
SKU_5,LOC_A,WH,2025-03-02,272.37,8,0.98,1,8.23,97.73,0,,199.7840372727603,0,Spring,Ecommerce,Urban,Arid
SKU_5,LOC_A,WH,2025-03-09,134.92,8,0.98,0,0.0,97.73,0,,155.44484953169655,0,Spring,Ecommerce,Urban,Arid
SKU_5,LOC_A,WH,2025-03-16,222.58,8,0.98,1,14.15,97.73,0,,158.91591025541277,1,Spring,Ecommerce,Urban,Arid
SKU_5,LOC_A,WH,2025-03-23,203.44,8,0.98,0,0.0,97.73,0,,174.33456679638167,1,Spring,Ecommerce,Urban,Arid
SKU_5,LOC_A,Store,2025-01-05,201.95,5,0.9,0,0.0,91.07,0,,150.59949740031493,0,Winter,Ecommerce,Urban,Arid
SKU_5,LOC_A,Store,2025-01-12,150.15,5,0.9,0,0.0,91.07,0,,59.45504787496424,0,Winter,Ecommerce,Urban,Arid
SKU_5,LOC_A,Store,2025-01-19,244.45,5,0.9,0,0.0,91.07,0,,172.11024310800212,0,Winter,Ecommerce,Urban,Arid
SKU_5,LOC_A,Store,2025-01-26,167.19,5,0.9,0,0.0,91.07,0,,196.02898277558776,0,Winter,Ecommerce,Urban,Arid
SKU_5,LOC_A,Store,2025-02-02,176.01,5,0.9,0,0.0,91.07,0,,183.39570857423277,0,Winter,Ecommerce,Urban,Arid
SKU_5,LOC_A,Store,2025-02-09,192.0,5,0.9,0,0.0,91.07,0,,163.64864249044587,0,Winter,Ecommerce,Urban,Arid
SKU_5,LOC_A,Store,2025-02-16,125.29,5,0.9,0,0.0,91.07,0,,68.00041244253322,0,Winter,Ecommerce,Urban,Arid
SKU_5,LOC_A,Store,2025-02-23,196.31,5,0.9,0,0.0,91.07,0,,103.51943834824019,0,Winter,Ecommerce,Urban,Arid
SKU_5,LOC_A,Store,2025-03-02,296.51,5,0.9,0,0.0,89.28,0,,163.71938097452673,0,Spring,Ecommerce,Urban,Arid
SKU_5,LOC_A,Store,2025-03-09,216.92,5,0.9,0,0.0,89.28,0,,52.22452436475618,0,Spring,Ecommerce,Urban,Arid
SKU_5,LOC_A,Store,2025-03-16,189.27,5,0.9,0,0.0,89.28,0,,190.76930796870033,1,Spring,Ecommerce,Urban,Arid
SKU_5,LOC_A,Store,2025-03-23,188.42,5,0.9,0,0.0,89.28,0,,69.529168980555,1,Spring,Ecommerce,Urban,Arid
SKU_5,LOC_B,DC,2025-01-05,298.34,11,0.95,0,0.0,98.91,0,,173.5179580638981,0,Winter,Ecommerce,Urban,Tropical
SKU_5,LOC_B,DC,2025-01-12,234.77,11,0.95,0,0.0,98.91,0,,111.65638481313958,0,Winter,Ecommerce,Urban,Tropical
SKU_5,LOC_B,DC,2025-01-19,285.13,11,0.95,0,0.0,98.91,0,,64.96445060572003,0,Winter,Ecommerce,Urban,Tropical
SKU_5,LOC_B,DC,2025-01-26,300.78,11,0.95,0,0.0,98.91,0,,105.71253679898481,0,Winter,Ecommerce,Urban,Tropical
SKU_5,LOC_B,DC,2025-02-02,351.84,11,0.95,1,10.45,98.91,0,,141.5964126382467,0,Winter,Ecommerce,Urban,Tropical
SKU_5,LOC_B,DC,2025-02-09,320.32,11,0.95,0,0.0,98.91,0,,188.6051738645382,0,Winter,Ecommerce,Urban,Tropical
SKU_5,LOC_B,DC,2025-02-16,256.62,11,0.95,1,18.95,98.91,0,,156.07062769035298,0,Winter,Ecommerce,Urban,Tropical
SKU_5,LOC_B,DC,2025-02-23,413.14,11,0.95,0,0.0,98.91,0,,108.61255215636399,0,Winter,Ecommerce,Urban,Tropical
SKU_5,LOC_B,DC,2025-03-02,308.94,11,0.95,0,0.0,96.97,0,,140.22066513218113,0,Spring,Ecommerce,Urban,Tropical
SKU_5,LOC_B,DC,2025-03-09,389.66,11,0.95,0,0.0,96.97,0,,108.374692477022,0,Spring,Ecommerce,Urban,Tropical
SKU_5,LOC_B,DC,2025-03-16,320.58,11,0.95,0,0.0,96.97,0,,198.48012260568402,1,Spring,Ecommerce,Urban,Tropical
SKU_5,LOC_B,DC,2025-03-23,93.79,11,0.95,1,11.27,96.97,0,,93.7734781360951,1,Spring,Ecommerce,Urban,Tropical
SKU_5,LOC_B,WH,2025-01-05,149.98,20,0.98,0,0.0,77.21,0,,198.78899274621662,0,Winter,Modern_Trade,Rural,Temperate
SKU_5,LOC_B,WH,2025-01-12,185.89,20,0.98,0,0.0,77.21,0,,111.65611708619173,0,Winter,Modern_Trade,Rural,Temperate
SKU_5,LOC_B,WH,2025-01-19,189.74,20,0.98,0,0.0,77.21,0,,80.61095876027103,0,Winter,Modern_Trade,Rural,Temperate
SKU_5,LOC_B,WH,2025-01-26,130.07,20,0.98,0,0.0,77.21,0,,187.55683852317142,0,Winter,Modern_Trade,Rural,Temperate
SKU_5,LOC_B,WH,2025-02-02,130.25,20,0.98,0,0.0,77.21,0,,76.97666702533118,0,Winter,Modern_Trade,Rural,Temperate
SKU_5,LOC_B,WH,2025-02-09,237.86,20,0.98,0,0.0,77.21,0,,118.25775572122079,0,Winter,Modern_Trade,Rural,Temperate
SKU_5,LOC_B,WH,2025-02-16,232.04,20,0.98,0,0.0,77.21,0,,85.03686246827994,0,Winter,Modern_Trade,Rural,Temperate
SKU_5,LOC_B,WH,2025-02-23,221.7,20,0.98,0,0.0,77.21,0,,51.17673818609348,0,Winter,Modern_Trade,Rural,Temperate
SKU_5,LOC_B,WH,2025-03-02,302.25,20,0.98,0,0.0,75.7,0,,169.0650210544631,0,Spring,Modern_Trade,Rural,Temperate
SKU_5,LOC_B,WH,2025-03-09,154.25,20,0.98,0,0.0,75.7,0,,140.4937265918026,0,Spring,Modern_Trade,Rural,Temperate
SKU_5,LOC_B,WH,2025-03-16,329.35,20,0.98,0,0.0,75.7,0,,148.25370446076352,1,Spring,Modern_Trade,Rural,Temperate
SKU_5,LOC_B,WH,2025-03-23,136.05,20,0.98,0,0.0,75.7,0,,101.98669818136688,1,Spring,Modern_Trade,Rural,Temperate
SKU_5,LOC_B,Store,2025-01-05,130.32,10,0.9,0,0.0,59.01,0,,145.16599117525286,0,Winter,Ecommerce,Urban,Arid
SKU_5,LOC_B,Store,2025-01-12,148.21,10,0.9,0,0.0,59.01,0,,114.15393636743069,0,Winter,Ecommerce,Urban,Arid
SKU_5,LOC_B,Store,2025-01-19,149.72,10,0.9,0,0.0,59.01,0,,193.0358335752738,0,Winter,Ecommerce,Urban,Arid
SKU_5,LOC_B,Store,2025-01-26,238.6,10,0.9,0,0.0,59.01,0,,113.90012157536142,0,Winter,Ecommerce,Urban,Arid
SKU_5,LOC_B,Store,2025-02-02,110.41,10,0.9,0,0.0,59.01,0,,76.56063828739096,0,Winter,Ecommerce,Urban,Arid
SKU_5,LOC_B,Store,2025-02-09,98.75,10,0.9,0,0.0,59.01,0,,197.1992436707664,0,Winter,Ecommerce,Urban,Arid
SKU_5,LOC_B,Store,2025-02-16,106.82,10,0.9,0,0.0,59.01,0,,189.1457448785221,0,Winter,Ecommerce,Urban,Arid
SKU_5,LOC_B,Store,2025-02-23,92.09,10,0.9,0,0.0,59.01,0,,199.82672407769468,0,Winter,Ecommerce,Urban,Arid
SKU_5,LOC_B,Store,2025-03-02,95.63,10,0.9,0,0.0,57.85,0,,56.340349135390184,0,Spring,Ecommerce,Urban,Arid
SKU_5,LOC_B,Store,2025-03-09,51.3,10,0.9,0,0.0,57.85,0,,91.1859043519395,0,Spring,Ecommerce,Urban,Arid
SKU_5,LOC_B,Store,2025-03-16,133.18,10,0.9,1,17.31,57.85,0,,91.35944554711338,1,Spring,Ecommerce,Urban,Arid
SKU_5,LOC_B,Store,2025-03-23,264.07,10,0.9,0,0.0,57.85,0,,93.23263744338004,1,Spring,Ecommerce,Urban,Arid
SKU_6,LOC_A,DC,2025-01-05,245.8,5,0.98,0,0.0,85.93,0,,174.6702148105544,0,Winter,Modern_Trade,Urban,Tropical
SKU_6,LOC_A,DC,2025-01-12,238.23,5,0.98,0,0.0,85.93,0,,132.1606166486411,0,Winter,Modern_Trade,Urban,Tropical
SKU_6,LOC_A,DC,2025-01-19,233.87,5,0.98,1,18.73,85.93,0,,110.63940725977297,0,Winter,Modern_Trade,Urban,Tropical
SKU_6,LOC_A,DC,2025-01-26,244.17,5,0.98,0,0.0,85.93,0,,95.41330559269298,0,Winter,Modern_Trade,Urban,Tropical
SKU_6,LOC_A,DC,2025-02-02,211.31,5,0.98,0,0.0,85.93,0,,87.7639079818172,0,Winter,Modern_Trade,Urban,Tropical
SKU_6,LOC_A,DC,2025-02-09,272.78,5,0.98,0,0.0,85.93,0,,169.99205728773228,0,Winter,Modern_Trade,Urban,Tropical
SKU_6,LOC_A,DC,2025-02-16,256.68,5,0.98,0,0.0,85.93,0,,95.62737164427742,0,Winter,Modern_Trade,Urban,Tropical
SKU_6,LOC_A,DC,2025-02-23,248.59,5,0.98,0,0.0,85.93,0,,181.07296644200784,0,Winter,Modern_Trade,Urban,Tropical
SKU_6,LOC_A,DC,2025-03-02,241.65,5,0.98,1,18.34,84.25,0,,82.87765184784976,0,Spring,Modern_Trade,Urban,Tropical
SKU_6,LOC_A,DC,2025-03-09,247.09,5,0.98,0,0.0,84.25,0,,137.38275445769006,0,Spring,Modern_Trade,Urban,Tropical
SKU_6,LOC_A,DC,2025-03-16,283.18,5,0.98,0,0.0,84.25,0,,178.9040337129232,1,Spring,Modern_Trade,Urban,Tropical
SKU_6,LOC_A,DC,2025-03-23,263.78,5,0.98,1,10.21,84.25,0,,130.73791195171484,1,Spring,Modern_Trade,Urban,Tropical
SKU_6,LOC_A,WH,2025-01-05,174.79,8,0.9,0,0.0,68.79,0,,81.31138001425848,0,Winter,General_Trade,Rural,Temperate
SKU_6,LOC_A,WH,2025-01-12,179.29,8,0.9,0,0.0,68.79,0,,52.895662507679994,0,Winter,General_Trade,Rural,Temperate
SKU_6,LOC_A,WH,2025-01-19,191.31,8,0.9,0,0.0,68.79,0,,72.38928454832093,0,Winter,General_Trade,Rural,Temperate
SKU_6,LOC_A,WH,2025-01-26,189.76,8,0.9,0,0.0,68.79,0,,91.38838296021547,0,Winter,General_Trade,Rural,Temperate
SKU_6,LOC_A,WH,2025-02-02,192.78,8,0.9,0,0.0,68.79,0,,82.51365669829775,0,Winter,General_Trade,Rural,Temperate
SKU_6,LOC_A,WH,2025-02-09,221.12,8,0.9,0,0.0,68.79,0,,102.21433212618112,0,Winter,General_Trade,Rural,Temperate
SKU_6,LOC_A,WH,2025-02-16,203.41,8,0.9,0,0.0,68.79,0,,52.3470976913099,0,Winter,General_Trade,Rural,Temperate
SKU_6,LOC_A,WH,2025-02-23,173.21,8,0.9,1,6.49,68.79,0,,112.84905279653466,0,Winter,General_Trade,Rural,Temperate
SKU_6,LOC_A,WH,2025-03-02,199.34,8,0.9,0,0.0,67.44,0,,183.22668655675741,0,Spring,General_Trade,Rural,Temperate
SKU_6,LOC_A,WH,2025-03-09,192.27,8,0.9,0,0.0,67.44,0,,136.15545863585209,0,Spring,General_Trade,Rural,Temperate
SKU_6,LOC_A,WH,2025-03-16,195.38,8,0.9,0,0.0,67.44,0,,93.32441448794131,1,Spring,General_Trade,Rural,Temperate
SKU_6,LOC_A,WH,2025-03-23,219.36,8,0.9,0,0.0,67.44,0,,128.59613040285709,1,Spring,General_Trade,Rural,Temperate
SKU_6,LOC_A,Store,2025-01-05,110.26,5,0.95,0,0.0,128.51,0,,191.28658172772197,0,Winter,Modern_Trade,Urban,Tropical
SKU_6,LOC_A,Store,2025-01-12,129.13,5,0.95,0,0.0,128.51,0,,81.30014367673877,0,Winter,Modern_Trade,Urban,Tropical
SKU_6,LOC_A,Store,2025-01-19,130.17,5,0.95,0,0.0,128.51,0,,102.16096734438887,0,Winter,Modern_Trade,Urban,Tropical
SKU_6,LOC_A,Store,2025-01-26,131.79,5,0.95,0,0.0,128.51,0,,104.12102393686268,0,Winter,Modern_Trade,Urban,Tropical
SKU_6,LOC_A,Store,2025-02-02,129.36,5,0.95,0,0.0,128.51,0,,117.82085826836712,0,Winter,Modern_Trade,Urban,Tropical
SKU_6,LOC_A,Store,2025-02-09,119.59,5,0.95,0,0.0,128.51,0,,197.3671035570612,0,Winter,Modern_Trade,Urban,Tropical
SKU_6,LOC_A,Store,2025-02-16,137.25,5,0.95,1,12.32,128.51,0,,166.10925604191743,0,Winter,Modern_Trade,Urban,Tropical
SKU_6,LOC_A,Store,2025-02-23,131.47,5,0.95,0,0.0,128.51,0,,141.72973919221607,0,Winter,Modern_Trade,Urban,Tropical
SKU_6,LOC_A,Store,2025-03-02,128.75,5,0.95,0,0.0,125.99,0,,180.11061698368513,0,Spring,Modern_Trade,Urban,Tropical
SKU_6,LOC_A,Store,2025-03-09,123.57,5,0.95,0,0.0,125.99,0,,99.35942253513643,0,Spring,Modern_Trade,Urban,Tropical
SKU_6,LOC_A,Store,2025-03-16,148.88,5,0.95,0,0.0,125.99,0,,77.53443621798631,1,Spring,Modern_Trade,Urban,Tropical
SKU_6,LOC_A,Store,2025-03-23,149.88,5,0.95,1,11.25,125.99,0,,103.04567947101656,1,Spring,Modern_Trade,Urban,Tropical
SKU_6,LOC_B,DC,2025-01-05,288.8,6,0.98,1,15.24,131.67,0,,87.6618536044018,0,Winter,Ecommerce,Rural,Tropical
SKU_6,LOC_B,DC,2025-01-12,272.33,6,0.98,0,0.0,131.67,0,,162.01201587688914,0,Winter,Ecommerce,Rural,Tropical
SKU_6,LOC_B,DC,2025-01-19,280.44,6,0.98,0,0.0,131.67,0,,62.49538746676946,0,Winter,Ecommerce,Rural,Tropical
SKU_6,LOC_B,DC,2025-01-26,262.26,6,0.98,0,0.0,131.67,0,,82.89922760463787,0,Winter,Ecommerce,Rural,Tropical
SKU_6,LOC_B,DC,2025-02-02,271.15,6,0.98,0,0.0,131.67,0,,134.81050879257566,0,Winter,Ecommerce,Rural,Tropical
SKU_6,LOC_B,DC,2025-02-09,305.79,6,0.98,0,0.0,131.67,0,,80.47400575463134,0,Winter,Ecommerce,Rural,Tropical
SKU_6,LOC_B,DC,2025-02-16,309.97,6,0.98,1,7.57,131.67,0,,197.6571968927905,0,Winter,Ecommerce,Rural,Tropical
SKU_6,LOC_B,DC,2025-02-23,286.27,6,0.98,0,0.0,131.67,0,,180.10182570531688,0,Winter,Ecommerce,Rural,Tropical
SKU_6,LOC_B,DC,2025-03-02,312.5,6,0.98,0,0.0,129.09,0,,126.72793361943106,0,Spring,Ecommerce,Rural,Tropical
SKU_6,LOC_B,DC,2025-03-09,281.85,6,0.98,0,0.0,129.09,0,,78.91280156190685,0,Spring,Ecommerce,Rural,Tropical
SKU_6,LOC_B,DC,2025-03-16,275.74,6,0.98,0,0.0,129.09,0,,90.85768688949344,1,Spring,Ecommerce,Rural,Tropical
SKU_6,LOC_B,DC,2025-03-23,298.24,6,0.98,0,0.0,129.09,0,,62.55861996633649,1,Spring,Ecommerce,Rural,Tropical
SKU_6,LOC_B,WH,2025-01-05,188.11,13,0.9,0,0.0,105.79,0,,158.34564939943078,0,Winter,Ecommerce,Rural,Temperate
SKU_6,LOC_B,WH,2025-01-12,155.7,13,0.9,0,0.0,105.79,0,,178.0325341937475,0,Winter,Ecommerce,Rural,Temperate
SKU_6,LOC_B,WH,2025-01-19,151.07,13,0.9,1,10.15,105.79,0,,153.06837805397086,0,Winter,Ecommerce,Rural,Temperate
SKU_6,LOC_B,WH,2025-01-26,229.3,13,0.9,0,0.0,105.79,0,,78.60139201321873,0,Winter,Ecommerce,Rural,Temperate
SKU_6,LOC_B,WH,2025-02-02,173.55,13,0.9,0,0.0,105.79,0,,111.11534791492157,0,Winter,Ecommerce,Rural,Temperate
SKU_6,LOC_B,WH,2025-02-09,154.23,13,0.9,0,0.0,105.79,0,,171.46305761534956,0,Winter,Ecommerce,Rural,Temperate
SKU_6,LOC_B,WH,2025-02-16,186.76,13,0.9,0,0.0,105.79,0,,53.96817582206362,0,Winter,Ecommerce,Rural,Temperate
SKU_6,LOC_B,WH,2025-02-23,151.49,13,0.9,1,17.84,105.79,0,,194.0901215018782,0,Winter,Ecommerce,Rural,Temperate
SKU_6,LOC_B,WH,2025-03-02,221.32,13,0.9,0,0.0,103.71,0,,104.65524411501204,0,Spring,Ecommerce,Rural,Temperate
SKU_6,LOC_B,WH,2025-03-09,156.83,13,0.9,0,0.0,103.71,0,,149.42046295636038,0,Spring,Ecommerce,Rural,Temperate
SKU_6,LOC_B,WH,2025-03-16,181.6,13,0.9,0,0.0,103.71,0,,164.87784560555139,1,Spring,Ecommerce,Rural,Temperate
SKU_6,LOC_B,WH,2025-03-23,203.4,13,0.9,0,0.0,103.71,0,,121.80533012761782,1,Spring,Ecommerce,Rural,Temperate
SKU_6,LOC_B,Store,2025-01-05,117.69,20,0.95,0,0.0,139.66,0,,89.79595551806284,0,Winter,Ecommerce,Rural,Tropical
SKU_6,LOC_B,Store,2025-01-12,122.62,20,0.95,0,0.0,139.66,0,,104.22326449478714,0,Winter,Ecommerce,Rural,Tropical
SKU_6,LOC_B,Store,2025-01-19,120.41,20,0.95,0,0.0,139.66,0,,123.13480449183871,0,Winter,Ecommerce,Rural,Tropical
SKU_6,LOC_B,Store,2025-01-26,108.59,20,0.95,0,0.0,139.66,0,,157.83169705912024,0,Winter,Ecommerce,Rural,Tropical
SKU_6,LOC_B,Store,2025-02-02,116.49,20,0.95,0,0.0,139.66,0,,50.78187777153874,0,Winter,Ecommerce,Rural,Tropical
SKU_6,LOC_B,Store,2025-02-09,124.93,20,0.95,0,0.0,139.66,0,,126.72727041248375,0,Winter,Ecommerce,Rural,Tropical
SKU_6,LOC_B,Store,2025-02-16,114.29,20,0.95,0,0.0,139.66,0,,178.34368492638157,0,Winter,Ecommerce,Rural,Tropical
SKU_6,LOC_B,Store,2025-02-23,123.36,20,0.95,0,0.0,139.66,0,,175.24611100473354,0,Winter,Ecommerce,Rural,Tropical
SKU_6,LOC_B,Store,2025-03-02,134.22,20,0.95,0,0.0,136.92,0,,73.87513017197217,0,Spring,Ecommerce,Rural,Tropical
SKU_6,LOC_B,Store,2025-03-09,122.3,20,0.95,0,0.0,136.92,0,,180.52145083276056,0,Spring,Ecommerce,Rural,Tropical
SKU_6,LOC_B,Store,2025-03-16,139.97,20,0.95,0,0.0,136.92,0,,146.561068756587,1,Spring,Ecommerce,Rural,Tropical
SKU_6,LOC_B,Store,2025-03-23,129.77,20,0.95,0,0.0,136.92,0,,99.70896315447743,1,Spring,Ecommerce,Rural,Tropical
