sku_id,location_id,echelon_type,date,actual,lead_time,service_level
SKU_1,LOC_A,DC,2024-01-07,79.67,9,0.95
SKU_1,LOC_A,DC,2024-01-14,83.49,9,0.95
SKU_1,LOC_A,DC,2024-01-21,85.13,9,0.95
SKU_1,LOC_A,DC,2024-01-28,93.98,9,0.95
SKU_1,LOC_A,DC,2024-02-04,90.93,9,0.95
SKU_1,LOC_A,DC,2024-02-11,78.93,9,0.95
SKU_1,LOC_A,DC,2024-02-18,83.94,9,0.95
SKU_1,LOC_A,DC,2024-02-25,85.9,9,0.95
SKU_1,LOC_A,DC,2024-03-03,89.8,9,0.95
SKU_1,LOC_A,DC,2024-03-10,89.9,9,0.95
SKU_1,LOC_A,DC,2024-03-17,81.62,9,0.95
SKU_1,LOC_A,DC,2024-03-24,94.88,9,0.95
SKU_1,LOC_A,DC,2024-03-31,91.26,9,0.95
SKU_1,LOC_A,DC,2024-04-07,83.5,9,0.95
SKU_1,LOC_A,DC,2024-04-14,82.64,9,0.95
SKU_1,LOC_A,DC,2024-04-21,76.28,9,0.95
SKU_1,LOC_A,DC,2024-04-28,75.11,9,0.95
SKU_1,LOC_A,DC,2024-05-05,80.21,9,0.95
SKU_1,LOC_A,DC,2024-05-12,75.38,9,0.95
SKU_1,LOC_A,DC,2024-05-19,64.77,9,0.95
SKU_1,LOC_A,DC,2024-05-26,70.1,9,0.95
SKU_1,LOC_A,DC,2024-06-02,78.66,9,0.95
SKU_1,LOC_A,DC,2024-06-09,67.38,9,0.95
SKU_1,LOC_A,DC,2024-06-16,75.68,9,0.95
SKU_1,LOC_A,DC,2024-06-23,91.11,9,0.95
SKU_1,LOC_A,DC,2024-06-30,79.81,9,0.95
SKU_1,LOC_A,DC,2024-07-07,85.46,9,0.95
SKU_1,LOC_A,DC,2024-07-14,91.65,9,0.95
SKU_1,LOC_A,DC,2024-07-21,82.2,9,0.95
SKU_1,LOC_A,DC,2024-07-28,89.12,9,0.95
SKU_1,LOC_A,DC,2024-08-04,98.26,9,0.95
SKU_1,LOC_A,DC,2024-08-11,104.5,9,0.95
SKU_1,LOC_A,DC,2024-08-18,95.18,9,0.95
SKU_1,LOC_A,DC,2024-08-25,106.04,9,0.95
SKU_1,LOC_A,DC,2024-09-01,99.42,9,0.95
SKU_1,LOC_A,DC,2024-09-08,100.32,9,0.95
SKU_1,LOC_A,DC,2024-09-15,101.07,9,0.95
SKU_1,LOC_A,DC,2024-09-22,97.54,9,0.95
SKU_1,LOC_A,DC,2024-09-29,103.65,9,0.95
SKU_1,LOC_A,DC,2024-10-06,99.25,9,0.95
SKU_1,LOC_A,DC,2024-10-13,84.75,9,0.95
SKU_1,LOC_A,DC,2024-10-20,92.35,9,0.95
SKU_1,LOC_A,DC,2024-10-27,81.7,9,0.95
SKU_1,LOC_A,DC,2024-11-03,89.92,9,0.95
SKU_1,LOC_A,DC,2024-11-10,91.23,9,0.95
SKU_1,LOC_A,DC,2024-11-17,92.1,9,0.95
SKU_1,LOC_A,DC,2024-11-24,97.69,9,0.95
SKU_1,LOC_A,DC,2024-12-01,101.96,9,0.95
SKU_1,LOC_A,DC,2024-12-08,99.08,9,0.95
SKU_1,LOC_A,DC,2024-12-15,96.74,9,0.95
SKU_1,LOC_A,DC,2024-12-22,100.04,9,0.95
SKU_1,LOC_A,DC,2024-12-29,98.07,9,0.95
SKU_1,LOC_A,Store,2024-01-07,143.18,10,0.98
SKU_1,LOC_A,Store,2024-01-14,146.42,10,0.98
SKU_1,LOC_A,Store,2024-01-21,145.1,10,0.98
SKU_1,LOC_A,Store,2024-01-28,150.9,10,0.98
SKU_1,LOC_A,Store,2024-02-04,152.46,10,0.98
SKU_1,LOC_A,Store,2024-02-11,156.97,10,0.98
SKU_1,LOC_A,Store,2024-02-18,150.55,10,0.98
SKU_1,LOC_A,Store,2024-02-25,146.0,10,0.98
SKU_1,LOC_A,Store,2024-03-03,160.02,10,0.98
SKU_1,LOC_A,Store,2024-03-10,151.8,10,0.98
SKU_1,LOC_A,Store,2024-03-17,145.4,10,0.98
SKU_1,LOC_A,Store,2024-03-24,153.64,10,0.98
SKU_1,LOC_A,Store,2024-03-31,144.67,10,0.98
SKU_1,LOC_A,Store,2024-04-07,149.29,10,0.98
SKU_1,LOC_A,Store,2024-04-14,147.15,10,0.98
SKU_1,LOC_A,Store,2024-04-21,145.82,10,0.98
SKU_1,LOC_A,Store,2024-04-28,148.43,10,0.98
SKU_1,LOC_A,Store,2024-05-05,150.64,10,0.98
SKU_1,LOC_A,Store,2024-05-12,139.63,10,0.98
SKU_1,LOC_A,Store,2024-05-19,137.62,10,0.98
SKU_1,LOC_A,Store,2024-05-26,143.72,10,0.98
SKU_1,LOC_A,Store,2024-06-02,142.33,10,0.98
SKU_1,LOC_A,Store,2024-06-09,141.87,10,0.98
SKU_1,LOC_A,Store,2024-06-16,137.39,10,0.98
SKU_1,LOC_A,Store,2024-06-23,155.28,10,0.98
SKU_1,LOC_A,Store,2024-06-30,157.51,10,0.98
SKU_1,LOC_A,Store,2024-07-07,153.73,10,0.98
SKU_1,LOC_A,Store,2024-07-14,159.66,10,0.98
SKU_1,LOC_A,Store,2024-07-21,156.99,10,0.98
SKU_1,LOC_A,Store,2024-07-28,160.83,10,0.98
SKU_1,LOC_A,Store,2024-08-04,163.36,10,0.98
SKU_1,LOC_A,Store,2024-08-11,168.13,10,0.98
SKU_1,LOC_A,Store,2024-08-18,166.7,10,0.98
SKU_1,LOC_A,Store,2024-08-25,162.55,10,0.98
SKU_1,LOC_A,Store,2024-09-01,163.96,10,0.98
SKU_1,LOC_A,Store,2024-09-08,166.02,10,0.98
SKU_1,LOC_A,Store,2024-09-15,166.28,10,0.98
SKU_1,LOC_A,Store,2024-09-22,161.99,10,0.98
SKU_1,LOC_A,Store,2024-09-29,157.26,10,0.98
SKU_1,LOC_A,Store,2024-10-06,160.47,10,0.98
SKU_1,LOC_A,Store,2024-10-13,160.44,10,0.98
SKU_1,LOC_A,Store,2024-10-20,150.67,10,0.98
SKU_1,LOC_A,Store,2024-10-27,160.84,10,0.98
SKU_1,LOC_A,Store,2024-11-03,157.66,10,0.98
SKU_1,LOC_A,Store,2024-11-10,146.03,10,0.98
SKU_1,LOC_A,Store,2024-11-17,148.78,10,0.98
SKU_1,LOC_A,Store,2024-11-24,156.64,10,0.98
SKU_1,LOC_A,Store,2024-12-01,161.37,10,0.98
SKU_1,LOC_A,Store,2024-12-08,159.85,10,0.98
SKU_1,LOC_A,Store,2024-12-15,162.68,10,0.98
SKU_1,LOC_A,Store,2024-12-22,174.01,10,0.98
SKU_1,LOC_A,Store,2024-12-29,164.99,10,0.98
SKU_1,LOC_A,WH,2024-01-07,119.88,14,0.9
SKU_1,LOC_A,WH,2024-01-14,129.04,14,0.9
SKU_1,LOC_A,WH,2024-01-21,122.91,14,0.9
SKU_1,LOC_A,WH,2024-01-28,125.06,14,0.9
SKU_1,LOC_A,WH,2024-02-04,125.53,14,0.9
SKU_1,LOC_A,WH,2024-02-11,132.36,14,0.9
SKU_1,LOC_A,WH,2024-02-18,143.74,14,0.9
SKU_1,LOC_A,WH,2024-02-25,127.49,14,0.9
SKU_1,LOC_A,WH,2024-03-03,138.0,14,0.9
SKU_1,LOC_A,WH,2024-03-10,141.16,14,0.9
SKU_1,LOC_A,WH,2024-03-17,131.2,14,0.9
SKU_1,LOC_A,WH,2024-03-24,133.66,14,0.9
SKU_1,LOC_A,WH,2024-03-31,133.33,14,0.9
SKU_1,LOC_A,WH,2024-04-07,127.24,14,0.9
SKU_1,LOC_A,WH,2024-04-14,126.8,14,0.9
SKU_1,LOC_A,WH,2024-04-21,116.38,14,0.9
SKU_1,LOC_A,WH,2024-04-28,123.78,14,0.9
SKU_1,LOC_A,WH,2024-05-05,123.95,14,0.9
SKU_1,LOC_A,WH,2024-05-12,127.9,14,0.9
SKU_1,LOC_A,WH,2024-05-19,122.74,14,0.9
SKU_1,LOC_A,WH,2024-05-26,119.37,14,0.9
SKU_1,LOC_A,WH,2024-06-02,127.32,14,0.9
SKU_1,LOC_A,WH,2024-06-09,124.24,14,0.9
SKU_1,LOC_A,WH,2024-06-16,122.69,14,0.9
SKU_1,LOC_A,WH,2024-06-23,132.63,14,0.9
SKU_1,LOC_A,WH,2024-06-30,137.89,14,0.9
SKU_1,LOC_A,WH,2024-07-07,138.26,14,0.9
SKU_1,LOC_A,WH,2024-07-14,135.53,14,0.9
SKU_1,LOC_A,WH,2024-07-21,150.39,14,0.9
SKU_1,LOC_A,WH,2024-07-28,151.68,14,0.9
SKU_1,LOC_A,WH,2024-08-04,145.56,14,0.9
SKU_1,LOC_A,WH,2024-08-11,147.56,14,0.9
SKU_1,LOC_A,WH,2024-08-18,142.62,14,0.9
SKU_1,LOC_A,WH,2024-08-25,142.12,14,0.9
SKU_1,LOC_A,WH,2024-09-01,152.78,14,0.9
SKU_1,LOC_A,WH,2024-09-08,149.72,14,0.9
SKU_1,LOC_A,WH,2024-09-15,140.33,14,0.9
SKU_1,LOC_A,WH,2024-09-22,141.06,14,0.9
SKU_1,LOC_A,WH,2024-09-29,140.37,14,0.9
SKU_1,LOC_A,WH,2024-10-06,144.47,14,0.9
SKU_1,LOC_A,WH,2024-10-13,138.59,14,0.9
SKU_1,LOC_A,WH,2024-10-20,139.14,14,0.9
SKU_1,LOC_A,WH,2024-10-27,130.44,14,0.9
SKU_1,LOC_A,WH,2024-11-03,132.0,14,0.9
SKU_1,LOC_A,WH,2024-11-10,133.48,14,0.9
SKU_1,LOC_A,WH,2024-11-17,141.35,14,0.9
SKU_1,LOC_A,WH,2024-11-24,121.43,14,0.9
SKU_1,LOC_A,WH,2024-12-01,140.23,14,0.9
SKU_1,LOC_A,WH,2024-12-08,133.49,14,0.9
SKU_1,LOC_A,WH,2024-12-15,134.2,14,0.9
SKU_1,LOC_A,WH,2024-12-22,143.14,14,0.9
SKU_1,LOC_A,WH,2024-12-29,140.18,14,0.9
SKU_1,LOC_B,DC,2024-01-07,54.99,18,0.98
SKU_1,LOC_B,DC,2024-01-14,69.75,18,0.98
SKU_1,LOC_B,DC,2024-01-21,64.23,18,0.98
SKU_1,LOC_B,DC,2024-01-28,68.91,18,0.98
SKU_1,LOC_B,DC,2024-02-04,70.7,18,0.98
SKU_1,LOC_B,DC,2024-02-11,63.25,18,0.98
SKU_1,LOC_B,DC,2024-02-18,67.13,18,0.98
SKU_1,LOC_B,DC,2024-02-25,72.76,18,0.98
SKU_1,LOC_B,DC,2024-03-03,77.7,18,0.98
SKU_1,LOC_B,DC,2024-03-10,67.7,18,0.98
SKU_1,LOC_B,DC,2024-03-17,75.59,18,0.98
SKU_1,LOC_B,DC,2024-03-24,71.97,18,0.98
SKU_1,LOC_B,DC,2024-03-31,59.19,18,0.98
SKU_1,LOC_B,DC,2024-04-07,66.4,18,0.98
SKU_1,LOC_B,DC,2024-04-14,62.63,18,0.98
SKU_1,LOC_B,DC,2024-04-21,52.89,18,0.98
SKU_1,LOC_B,DC,2024-04-28,58.73,18,0.98
SKU_1,LOC_B,DC,2024-05-05,50.97,18,0.98
SKU_1,LOC_B,DC,2024-05-12,57.6,18,0.98
SKU_1,LOC_B,DC,2024-05-19,54.06,18,0.98
SKU_1,LOC_B,DC,2024-05-26,53.36,18,0.98
SKU_1,LOC_B,DC,2024-06-02,58.72,18,0.98
SKU_1,LOC_B,DC,2024-06-09,75.33,18,0.98
SKU_1,LOC_B,DC,2024-06-16,66.13,18,0.98
SKU_1,LOC_B,DC,2024-06-23,65.85,18,0.98
SKU_1,LOC_B,DC,2024-06-30,68.39,18,0.98
SKU_1,LOC_B,DC,2024-07-07,70.37,18,0.98
SKU_1,LOC_B,DC,2024-07-14,78.49,18,0.98
SKU_1,LOC_B,DC,2024-07-21,78.38,18,0.98
SKU_1,LOC_B,DC,2024-07-28,77.91,18,0.98
SKU_1,LOC_B,DC,2024-08-04,81.56,18,0.98
SKU_1,LOC_B,DC,2024-08-11,83.56,18,0.98
SKU_1,LOC_B,DC,2024-08-18,81.89,18,0.98
SKU_1,LOC_B,DC,2024-08-25,92.21,18,0.98
SKU_1,LOC_B,DC,2024-09-01,93.88,18,0.98
SKU_1,LOC_B,DC,2024-09-08,90.33,18,0.98
SKU_1,LOC_B,DC,2024-09-15,79.03,18,0.98
SKU_1,LOC_B,DC,2024-09-22,80.02,18,0.98
SKU_1,LOC_B,DC,2024-09-29,81.38,18,0.98
SKU_1,LOC_B,DC,2024-10-06,77.56,18,0.98
SKU_1,LOC_B,DC,2024-10-13,75.84,18,0.98
SKU_1,LOC_B,DC,2024-10-20,64.6,18,0.98
SKU_1,LOC_B,DC,2024-10-27,71.67,18,0.98
SKU_1,LOC_B,DC,2024-11-03,71.52,18,0.98
SKU_1,LOC_B,DC,2024-11-10,72.33,18,0.98
SKU_1,LOC_B,DC,2024-11-17,71.48,18,0.98
SKU_1,LOC_B,DC,2024-11-24,67.22,18,0.98
SKU_1,LOC_B,DC,2024-12-01,74.38,18,0.98
SKU_1,LOC_B,DC,2024-12-08,74.58,18,0.98
SKU_1,LOC_B,DC,2024-12-15,83.3,18,0.98
SKU_1,LOC_B,DC,2024-12-22,70.28,18,0.98
SKU_1,LOC_B,DC,2024-12-29,81.02,18,0.98
SKU_1,LOC_B,Store,2024-01-07,203.66,8,0.9
SKU_1,LOC_B,Store,2024-01-14,205.04,8,0.9
SKU_1,LOC_B,Store,2024-01-21,199.52,8,0.9
SKU_1,LOC_B,Store,2024-01-28,205.32,8,0.9
SKU_1,LOC_B,Store,2024-02-04,215.21,8,0.9
SKU_1,LOC_B,Store,2024-02-11,205.51,8,0.9
SKU_1,LOC_B,Store,2024-02-18,213.55,8,0.9
SKU_1,LOC_B,Store,2024-02-25,217.21,8,0.9
SKU_1,LOC_B,Store,2024-03-03,208.52,8,0.9
SKU_1,LOC_B,Store,2024-03-10,211.68,8,0.9
SKU_1,LOC_B,Store,2024-03-17,208.94,8,0.9
SKU_1,LOC_B,Store,2024-03-24,200.79,8,0.9
SKU_1,LOC_B,Store,2024-03-31,205.7,8,0.9
SKU_1,LOC_B,Store,2024-04-07,207.11,8,0.9
SKU_1,LOC_B,Store,2024-04-14,201.14,8,0.9
SKU_1,LOC_B,Store,2024-04-21,190.79,8,0.9
SKU_1,LOC_B,Store,2024-04-28,193.21,8,0.9
SKU_1,LOC_B,Store,2024-05-05,200.18,8,0.9
SKU_1,LOC_B,Store,2024-05-12,197.91,8,0.9
SKU_1,LOC_B,Store,2024-05-19,188.39,8,0.9
SKU_1,LOC_B,Store,2024-05-26,196.62,8,0.9
SKU_1,LOC_B,Store,2024-06-02,202.62,8,0.9
SKU_1,LOC_B,Store,2024-06-09,209.98,8,0.9
SKU_1,LOC_B,Store,2024-06-16,208.15,8,0.9
SKU_1,LOC_B,Store,2024-06-23,200.34,8,0.9
SKU_1,LOC_B,Store,2024-06-30,215.63,8,0.9
SKU_1,LOC_B,Store,2024-07-07,203.39,8,0.9
SKU_1,LOC_B,Store,2024-07-14,216.02,8,0.9
SKU_1,LOC_B,Store,2024-07-21,217.55,8,0.9
SKU_1,LOC_B,Store,2024-07-28,208.3,8,0.9
SKU_1,LOC_B,Store,2024-08-04,224.82,8,0.9
SKU_1,LOC_B,Store,2024-08-11,217.08,8,0.9
SKU_1,LOC_B,Store,2024-08-18,230.86,8,0.9
SKU_1,LOC_B,Store,2024-08-25,229.57,8,0.9
SKU_1,LOC_B,Store,2024-09-01,234.1,8,0.9
SKU_1,LOC_B,Store,2024-09-08,220.8,8,0.9
SKU_1,LOC_B,Store,2024-09-15,214.9,8,0.9
SKU_1,LOC_B,Store,2024-09-22,214.62,8,0.9
SKU_1,LOC_B,Store,2024-09-29,218.92,8,0.9
SKU_1,LOC_B,Store,2024-10-06,223.53,8,0.9
SKU_1,LOC_B,Store,2024-10-13,217.49,8,0.9
SKU_1,LOC_B,Store,2024-10-20,216.45,8,0.9
SKU_1,LOC_B,Store,2024-10-27,207.44,8,0.9
SKU_1,LOC_B,Store,2024-11-03,212.25,8,0.9
SKU_1,LOC_B,Store,2024-11-10,208.34,8,0.9
SKU_1,LOC_B,Store,2024-11-17,213.59,8,0.9
SKU_1,LOC_B,Store,2024-11-24,209.26,8,0.9
SKU_1,LOC_B,Store,2024-12-01,205.99,8,0.9
SKU_1,LOC_B,Store,2024-12-08,223.7,8,0.9
SKU_1,LOC_B,Store,2024-12-15,211.05,8,0.9
SKU_1,LOC_B,Store,2024-12-22,217.09,8,0.9
SKU_1,LOC_B,Store,2024-12-29,221.55,8,0.9
SKU_1,LOC_B,WH,2024-01-07,160.97,10,0.95
SKU_1,LOC_B,WH,2024-01-14,167.96,10,0.95
SKU_1,LOC_B,WH,2024-01-21,173.25,10,0.95
SKU_1,LOC_B,WH,2024-01-28,170.91,10,0.95
SKU_1,LOC_B,WH,2024-02-04,177.3,10,0.95
SKU_1,LOC_B,WH,2024-02-11,179.44,10,0.95
SKU_1,LOC_B,WH,2024-02-18,172.82,10,0.95
SKU_1,LOC_B,WH,2024-02-25,183.86,10,0.95
SKU_1,LOC_B,WH,2024-03-03,180.5,10,0.95
SKU_1,LOC_B,WH,2024-03-10,175.39,10,0.95
SKU_1,LOC_B,WH,2024-03-17,175.72,10,0.95
SKU_1,LOC_B,WH,2024-03-24,174.71,10,0.95
SKU_1,LOC_B,WH,2024-03-31,178.29,10,0.95
SKU_1,LOC_B,WH,2024-04-07,167.91,10,0.95
SKU_1,LOC_B,WH,2024-04-14,163.22,10,0.95
SKU_1,LOC_B,WH,2024-04-21,164.57,10,0.95
SKU_1,LOC_B,WH,2024-04-28,164.8,10,0.95
SKU_1,LOC_B,WH,2024-05-05,174.67,10,0.95
SKU_1,LOC_B,WH,2024-05-12,168.82,10,0.95
SKU_1,LOC_B,WH,2024-05-19,155.52,10,0.95
SKU_1,LOC_B,WH,2024-05-26,165.6,10,0.95
SKU_1,LOC_B,WH,2024-06-02,173.14,10,0.95
SKU_1,LOC_B,WH,2024-06-09,164.13,10,0.95
SKU_1,LOC_B,WH,2024-06-16,173.73,10,0.95
SKU_1,LOC_B,WH,2024-06-23,172.06,10,0.95
SKU_1,LOC_B,WH,2024-06-30,170.54,10,0.95
SKU_1,LOC_B,WH,2024-07-07,175.49,10,0.95
SKU_1,LOC_B,WH,2024-07-14,177.79,10,0.95
SKU_1,LOC_B,WH,2024-07-21,192.17,10,0.95
SKU_1,LOC_B,WH,2024-07-28,181.77,10,0.95
SKU_1,LOC_B,WH,2024-08-04,183.66,10,0.95
SKU_1,LOC_B,WH,2024-08-11,188.45,10,0.95
SKU_1,LOC_B,WH,2024-08-18,188.66,10,0.95
SKU_1,LOC_B,WH,2024-08-25,190.41,10,0.95
SKU_1,LOC_B,WH,2024-09-01,197.16,10,0.95
SKU_1,LOC_B,WH,2024-09-08,188.08,10,0.95
SKU_1,LOC_B,WH,2024-09-15,190.67,10,0.95
SKU_1,LOC_B,WH,2024-09-22,187.87,10,0.95
SKU_1,LOC_B,WH,2024-09-29,181.04,10,0.95
SKU_1,LOC_B,WH,2024-10-06,186.48,10,0.95
SKU_1,LOC_B,WH,2024-10-13,188.16,10,0.95
SKU_1,LOC_B,WH,2024-10-20,182.54,10,0.95
SKU_1,LOC_B,WH,2024-10-27,174.85,10,0.95
SKU_1,LOC_B,WH,2024-11-03,166.87,10,0.95
SKU_1,LOC_B,WH,2024-11-10,177.25,10,0.95
SKU_1,LOC_B,WH,2024-11-17,170.12,10,0.95
SKU_1,LOC_B,WH,2024-11-24,182.7,10,0.95
SKU_1,LOC_B,WH,2024-12-01,186.7,10,0.95
SKU_1,LOC_B,WH,2024-12-08,186.48,10,0.95
SKU_1,LOC_B,WH,2024-12-15,174.64,10,0.95
SKU_1,LOC_B,WH,2024-12-22,191.85,10,0.95
SKU_1,LOC_B,WH,2024-12-29,190.14,10,0.95
SKU_2,LOC_A,DC,2024-01-07,130.85,11,0.9
SKU_2,LOC_A,DC,2024-01-14,136.89,11,0.9
SKU_2,LOC_A,DC,2024-01-21,139.86,11,0.9
SKU_2,LOC_A,DC,2024-01-28,144.75,11,0.9
SKU_2,LOC_A,DC,2024-02-04,150.27,11,0.9
SKU_2,LOC_A,DC,2024-02-11,156.69,11,0.9
SKU_2,LOC_A,DC,2024-02-18,154.91,11,0.9
SKU_2,LOC_A,DC,2024-02-25,146.22,11,0.9
SKU_2,LOC_A,DC,2024-03-03,150.44,11,0.9
SKU_2,LOC_A,DC,2024-03-10,146.39,11,0.9
SKU_2,LOC_A,DC,2024-03-17,143.62,11,0.9
SKU_2,LOC_A,DC,2024-03-24,150.78,11,0.9
SKU_2,LOC_A,DC,2024-03-31,145.72,11,0.9
SKU_2,LOC_A,DC,2024-04-07,149.56,11,0.9
SKU_2,LOC_A,DC,2024-04-14,142.65,11,0.9
SKU_2,LOC_A,DC,2024-04-21,136.71,11,0.9
SKU_2,LOC_A,DC,2024-04-28,139.37,11,0.9
SKU_2,LOC_A,DC,2024-05-05,129.29,11,0.9
SKU_2,LOC_A,DC,2024-05-12,141.42,11,0.9
SKU_2,LOC_A,DC,2024-05-19,143.21,11,0.9
SKU_2,LOC_A,DC,2024-05-26,133.48,11,0.9
SKU_2,LOC_A,DC,2024-06-02,137.74,11,0.9
SKU_2,LOC_A,DC,2024-06-09,139.57,11,0.9
SKU_2,LOC_A,DC,2024-06-16,149.94,11,0.9
SKU_2,LOC_A,DC,2024-06-23,147.54,11,0.9
SKU_2,LOC_A,DC,2024-06-30,146.76,11,0.9
SKU_2,LOC_A,DC,2024-07-07,151.33,11,0.9
SKU_2,LOC_A,DC,2024-07-14,153.49,11,0.9
SKU_2,LOC_A,DC,2024-07-21,160.28,11,0.9
SKU_2,LOC_A,DC,2024-07-28,159.18,11,0.9
SKU_2,LOC_A,DC,2024-08-04,166.61,11,0.9
SKU_2,LOC_A,DC,2024-08-11,167.76,11,0.9
SKU_2,LOC_A,DC,2024-08-18,158.99,11,0.9
SKU_2,LOC_A,DC,2024-08-25,171.65,11,0.9
SKU_2,LOC_A,DC,2024-09-01,157.83,11,0.9
SKU_2,LOC_A,DC,2024-09-08,161.51,11,0.9
SKU_2,LOC_A,DC,2024-09-15,149.44,11,0.9
SKU_2,LOC_A,DC,2024-09-22,160.92,11,0.9
SKU_2,LOC_A,DC,2024-09-29,156.69,11,0.9
SKU_2,LOC_A,DC,2024-10-06,160.06,11,0.9
SKU_2,LOC_A,DC,2024-10-13,152.8,11,0.9
SKU_2,LOC_A,DC,2024-10-20,144.4,11,0.9
SKU_2,LOC_A,DC,2024-10-27,147.43,11,0.9
SKU_2,LOC_A,DC,2024-11-03,143.47,11,0.9
SKU_2,LOC_A,DC,2024-11-10,146.9,11,0.9
SKU_2,LOC_A,DC,2024-11-17,146.57,11,0.9
SKU_2,LOC_A,DC,2024-11-24,156.32,11,0.9
SKU_2,LOC_A,DC,2024-12-01,152.72,11,0.9
SKU_2,LOC_A,DC,2024-12-08,152.48,11,0.9
SKU_2,LOC_A,DC,2024-12-15,150.57,11,0.9
SKU_2,LOC_A,DC,2024-12-22,150.59,11,0.9
SKU_2,LOC_A,DC,2024-12-29,157.94,11,0.9
SKU_2,LOC_A,Store,2024-01-07,85.91,11,0.95
SKU_2,LOC_A,Store,2024-01-14,95.67,11,0.95
SKU_2,LOC_A,Store,2024-01-21,88.47,11,0.95
SKU_2,LOC_A,Store,2024-01-28,99.03,11,0.95
SKU_2,LOC_A,Store,2024-02-04,100.74,11,0.95
SKU_2,LOC_A,Store,2024-02-11,96.5,11,0.95
SKU_2,LOC_A,Store,2024-02-18,96.41,11,0.95
SKU_2,LOC_A,Store,2024-02-25,97.92,11,0.95
SKU_2,LOC_A,Store,2024-03-03,104.49,11,0.95
SKU_2,LOC_A,Store,2024-03-10,100.88,11,0.95
SKU_2,LOC_A,Store,2024-03-17,98.69,11,0.95
SKU_2,LOC_A,Store,2024-03-24,98.67,11,0.95
SKU_2,LOC_A,Store,2024-03-31,90.61,11,0.95
SKU_2,LOC_A,Store,2024-04-07,90.56,11,0.95
SKU_2,LOC_A,Store,2024-04-14,90.03,11,0.95
SKU_2,LOC_A,Store,2024-04-21,84.83,11,0.95
SKU_2,LOC_A,Store,2024-04-28,94.3,11,0.95
SKU_2,LOC_A,Store,2024-05-05,83.16,11,0.95
SKU_2,LOC_A,Store,2024-05-12,93.22,11,0.95
SKU_2,LOC_A,Store,2024-05-19,83.45,11,0.95
SKU_2,LOC_A,Store,2024-05-26,87.6,11,0.95
SKU_2,LOC_A,Store,2024-06-02,87.64,11,0.95
SKU_2,LOC_A,Store,2024-06-09,95.94,11,0.95
SKU_2,LOC_A,Store,2024-06-16,93.83,11,0.95
SKU_2,LOC_A,Store,2024-06-23,84.96,11,0.95
SKU_2,LOC_A,Store,2024-06-30,100.89,11,0.95
SKU_2,LOC_A,Store,2024-07-07,96.56,11,0.95
SKU_2,LOC_A,Store,2024-07-14,104.62,11,0.95
SKU_2,LOC_A,Store,2024-07-21,105.8,11,0.95
SKU_2,LOC_A,Store,2024-07-28,110.31,11,0.95
SKU_2,LOC_A,Store,2024-08-04,101.01,11,0.95
SKU_2,LOC_A,Store,2024-08-11,105.21,11,0.95
SKU_2,LOC_A,Store,2024-08-18,108.63,11,0.95
SKU_2,LOC_A,Store,2024-08-25,117.64,11,0.95
SKU_2,LOC_A,Store,2024-09-01,112.54,11,0.95
SKU_2,LOC_A,Store,2024-09-08,110.64,11,0.95
SKU_2,LOC_A,Store,2024-09-15,117.62,11,0.95
SKU_2,LOC_A,Store,2024-09-22,106.94,11,0.95
SKU_2,LOC_A,Store,2024-09-29,106.63,11,0.95
SKU_2,LOC_A,Store,2024-10-06,106.57,11,0.95
SKU_2,LOC_A,Store,2024-10-13,101.52,11,0.95
SKU_2,LOC_A,Store,2024-10-20,105.2,11,0.95
SKU_2,LOC_A,Store,2024-10-27,109.06,11,0.95
SKU_2,LOC_A,Store,2024-11-03,94.89,11,0.95
SKU_2,LOC_A,Store,2024-11-10,87.9,11,0.95
SKU_2,LOC_A,Store,2024-11-17,97.24,11,0.95
SKU_2,LOC_A,Store,2024-11-24,95.42,11,0.95
SKU_2,LOC_A,Store,2024-12-01,103.56,11,0.95
SKU_2,LOC_A,Store,2024-12-08,104.1,11,0.95
SKU_2,LOC_A,Store,2024-12-15,103.81,11,0.95
SKU_2,LOC_A,Store,2024-12-22,102.54,11,0.95
SKU_2,LOC_A,Store,2024-12-29,105.51,11,0.95
SKU_2,LOC_A,WH,2024-01-07,191.43,6,0.95
SKU_2,LOC_A,WH,2024-01-14,195.26,6,0.95
SKU_2,LOC_A,WH,2024-01-21,192.54,6,0.95
SKU_2,LOC_A,WH,2024-01-28,189.06,6,0.95
SKU_2,LOC_A,WH,2024-02-04,189.46,6,0.95
SKU_2,LOC_A,WH,2024-02-11,197.1,6,0.95
SKU_2,LOC_A,WH,2024-02-18,196.88,6,0.95
SKU_2,LOC_A,WH,2024-02-25,192.56,6,0.95
SKU_2,LOC_A,WH,2024-03-03,193.23,6,0.95
SKU_2,LOC_A,WH,2024-03-10,190.87,6,0.95
SKU_2,LOC_A,WH,2024-03-17,206.71,6,0.95
SKU_2,LOC_A,WH,2024-03-24,199.41,6,0.95
SKU_2,LOC_A,WH,2024-03-31,196.45,6,0.95
SKU_2,LOC_A,WH,2024-04-07,198.09,6,0.95
SKU_2,LOC_A,WH,2024-04-14,191.82,6,0.95
SKU_2,LOC_A,WH,2024-04-21,190.16,6,0.95
SKU_2,LOC_A,WH,2024-04-28,187.36,6,0.95
SKU_2,LOC_A,WH,2024-05-05,181.74,6,0.95
SKU_2,LOC_A,WH,2024-05-12,193.44,6,0.95
SKU_2,LOC_A,WH,2024-05-19,177.63,6,0.95
SKU_2,LOC_A,WH,2024-05-26,179.18,6,0.95
SKU_2,LOC_A,WH,2024-06-02,187.32,6,0.95
SKU_2,LOC_A,WH,2024-06-09,188.77,6,0.95
SKU_2,LOC_A,WH,2024-06-16,191.97,6,0.95
SKU_2,LOC_A,WH,2024-06-23,195.68,6,0.95
SKU_2,LOC_A,WH,2024-06-30,193.28,6,0.95
SKU_2,LOC_A,WH,2024-07-07,191.71,6,0.95
SKU_2,LOC_A,WH,2024-07-14,199.49,6,0.95
SKU_2,LOC_A,WH,2024-07-21,200.26,6,0.95
SKU_2,LOC_A,WH,2024-07-28,206.1,6,0.95
SKU_2,LOC_A,WH,2024-08-04,209.23,6,0.95
SKU_2,LOC_A,WH,2024-08-11,210.8,6,0.95
SKU_2,LOC_A,WH,2024-08-18,205.6,6,0.95
SKU_2,LOC_A,WH,2024-08-25,214.87,6,0.95
SKU_2,LOC_A,WH,2024-09-01,215.33,6,0.95
SKU_2,LOC_A,WH,2024-09-08,207.91,6,0.95
SKU_2,LOC_A,WH,2024-09-15,212.11,6,0.95
SKU_2,LOC_A,WH,2024-09-22,206.33,6,0.95
SKU_2,LOC_A,WH,2024-09-29,199.52,6,0.95
SKU_2,LOC_A,WH,2024-10-06,212.28,6,0.95
SKU_2,LOC_A,WH,2024-10-13,199.59,6,0.95
SKU_2,LOC_A,WH,2024-10-20,196.04,6,0.95
SKU_2,LOC_A,WH,2024-10-27,214.41,6,0.95
SKU_2,LOC_A,WH,2024-11-03,194.74,6,0.95
SKU_2,LOC_A,WH,2024-11-10,208.86,6,0.95
SKU_2,LOC_A,WH,2024-11-17,197.87,6,0.95
SKU_2,LOC_A,WH,2024-11-24,200.95,6,0.95
SKU_2,LOC_A,WH,2024-12-01,204.9,6,0.95
SKU_2,LOC_A,WH,2024-12-08,201.66,6,0.95
SKU_2,LOC_A,WH,2024-12-15,204.28,6,0.95
SKU_2,LOC_A,WH,2024-12-22,204.4,6,0.95
SKU_2,LOC_A,WH,2024-12-29,213.17,6,0.95
SKU_2,LOC_B,DC,2024-01-07,144.12,20,0.95
SKU_2,LOC_B,DC,2024-01-14,142.26,20,0.95
SKU_2,LOC_B,DC,2024-01-21,149.84,20,0.95
SKU_2,LOC_B,DC,2024-01-28,157.38,20,0.95
SKU_2,LOC_B,DC,2024-02-04,152.2,20,0.95
SKU_2,LOC_B,DC,2024-02-11,159.52,20,0.95
SKU_2,LOC_B,DC,2024-02-18,164.84,20,0.95
SKU_2,LOC_B,DC,2024-02-25,164.34,20,0.95
SKU_2,LOC_B,DC,2024-03-03,160.85,20,0.95
SKU_2,LOC_B,DC,2024-03-10,158.3,20,0.95
SKU_2,LOC_B,DC,2024-03-17,156.31,20,0.95
SKU_2,LOC_B,DC,2024-03-24,157.45,20,0.95
SKU_2,LOC_B,DC,2024-03-31,150.91,20,0.95
SKU_2,LOC_B,DC,2024-04-07,161.58,20,0.95
SKU_2,LOC_B,DC,2024-04-14,151.78,20,0.95
SKU_2,LOC_B,DC,2024-04-21,163.66,20,0.95
SKU_2,LOC_B,DC,2024-04-28,149.61,20,0.95
SKU_2,LOC_B,DC,2024-05-05,152.27,20,0.95
SKU_2,LOC_B,DC,2024-05-12,141.92,20,0.95
SKU_2,LOC_B,DC,2024-05-19,146.24,20,0.95
SKU_2,LOC_B,DC,2024-05-26,147.85,20,0.95
SKU_2,LOC_B,DC,2024-06-02,152.1,20,0.95
SKU_2,LOC_B,DC,2024-06-09,152.13,20,0.95
SKU_2,LOC_B,DC,2024-06-16,149.83,20,0.95
SKU_2,LOC_B,DC,2024-06-23,158.58,20,0.95
SKU_2,LOC_B,DC,2024-06-30,159.01,20,0.95
SKU_2,LOC_B,DC,2024-07-07,161.4,20,0.95
SKU_2,LOC_B,DC,2024-07-14,170.01,20,0.95
SKU_2,LOC_B,DC,2024-07-21,166.57,20,0.95
SKU_2,LOC_B,DC,2024-07-28,172.83,20,0.95
SKU_2,LOC_B,DC,2024-08-04,169.65,20,0.95
SKU_2,LOC_B,DC,2024-08-11,173.67,20,0.95
SKU_2,LOC_B,DC,2024-08-18,181.94,20,0.95
SKU_2,LOC_B,DC,2024-08-25,174.74,20,0.95
SKU_2,LOC_B,DC,2024-09-01,180.65,20,0.95
SKU_2,LOC_B,DC,2024-09-08,171.27,20,0.95
SKU_2,LOC_B,DC,2024-09-15,178.65,20,0.95
SKU_2,LOC_B,DC,2024-09-22,165.49,20,0.95
SKU_2,LOC_B,DC,2024-09-29,172.86,20,0.95
SKU_2,LOC_B,DC,2024-10-06,163.71,20,0.95
SKU_2,LOC_B,DC,2024-10-13,159.78,20,0.95
SKU_2,LOC_B,DC,2024-10-20,163.37,20,0.95
SKU_2,LOC_B,DC,2024-10-27,161.99,20,0.95
SKU_2,LOC_B,DC,2024-11-03,169.89,20,0.95
SKU_2,LOC_B,DC,2024-11-10,171.93,20,0.95
SKU_2,LOC_B,DC,2024-11-17,145.27,20,0.95
SKU_2,LOC_B,DC,2024-11-24,170.05,20,0.95
SKU_2,LOC_B,DC,2024-12-01,150.83,20,0.95
SKU_2,LOC_B,DC,2024-12-08,170.75,20,0.95
SKU_2,LOC_B,DC,2024-12-15,166.9,20,0.95
SKU_2,LOC_B,DC,2024-12-22,176.15,20,0.95
SKU_2,LOC_B,DC,2024-12-29,176.05,20,0.95
SKU_2,LOC_B,Store,2024-01-07,172.77,10,0.9
SKU_2,LOC_B,Store,2024-01-14,176.05,10,0.9
SKU_2,LOC_B,Store,2024-01-21,177.21,10,0.9
SKU_2,LOC_B,Store,2024-01-28,183.24,10,0.9
SKU_2,LOC_B,Store,2024-02-04,184.76,10,0.9
SKU_2,LOC_B,Store,2024-02-11,176.09,10,0.9
SKU_2,LOC_B,Store,2024-02-18,188.13,10,0.9
SKU_2,LOC_B,Store,2024-02-25,177.65,10,0.9
SKU_2,LOC_B,Store,2024-03-03,183.35,10,0.9
SKU_2,LOC_B,Store,2024-03-10,178.05,10,0.9
SKU_2,LOC_B,Store,2024-03-17,175.65,10,0.9
SKU_2,LOC_B,Store,2024-03-24,170.39,10,0.9
SKU_2,LOC_B,Store,2024-03-31,169.65,10,0.9
SKU_2,LOC_B,Store,2024-04-07,178.43,10,0.9
SKU_2,LOC_B,Store,2024-04-14,172.29,10,0.9
SKU_2,LOC_B,Store,2024-04-21,176.69,10,0.9
SKU_2,LOC_B,Store,2024-04-28,175.54,10,0.9
SKU_2,LOC_B,Store,2024-05-05,166.4,10,0.9
SKU_2,LOC_B,Store,2024-05-12,175.14,10,0.9
SKU_2,LOC_B,Store,2024-05-19,158.37,10,0.9
SKU_2,LOC_B,Store,2024-05-26,159.26,10,0.9
SKU_2,LOC_B,Store,2024-06-02,173.19,10,0.9
SKU_2,LOC_B,Store,2024-06-09,170.26,10,0.9
SKU_2,LOC_B,Store,2024-06-16,176.57,10,0.9
SKU_2,LOC_B,Store,2024-06-23,179.9,10,0.9
SKU_2,LOC_B,Store,2024-06-30,178.7,10,0.9
SKU_2,LOC_B,Store,2024-07-07,191.67,10,0.9
SKU_2,LOC_B,Store,2024-07-14,185.78,10,0.9
SKU_2,LOC_B,Store,2024-07-21,188.65,10,0.9
SKU_2,LOC_B,Store,2024-07-28,202.05,10,0.9
SKU_2,LOC_B,Store,2024-08-04,202.81,10,0.9
SKU_2,LOC_B,Store,2024-08-11,199.13,10,0.9
SKU_2,LOC_B,Store,2024-08-18,198.55,10,0.9
SKU_2,LOC_B,Store,2024-08-25,201.85,10,0.9
SKU_2,LOC_B,Store,2024-09-01,196.21,10,0.9
SKU_2,LOC_B,Store,2024-09-08,202.05,10,0.9
SKU_2,LOC_B,Store,2024-09-15,193.72,10,0.9
SKU_2,LOC_B,Store,2024-09-22,198.13,10,0.9
SKU_2,LOC_B,Store,2024-09-29,196.1,10,0.9
SKU_2,LOC_B,Store,2024-10-06,195.88,10,0.9
SKU_2,LOC_B,Store,2024-10-13,183.72,10,0.9
SKU_2,LOC_B,Store,2024-10-20,194.28,10,0.9
SKU_2,LOC_B,Store,2024-10-27,182.29,10,0.9
SKU_2,LOC_B,Store,2024-11-03,180.43,10,0.9
SKU_2,LOC_B,Store,2024-11-10,179.5,10,0.9
SKU_2,LOC_B,Store,2024-11-17,186.36,10,0.9
SKU_2,LOC_B,Store,2024-11-24,179.53,10,0.9
SKU_2,LOC_B,Store,2024-12-01,185.86,10,0.9
SKU_2,LOC_B,Store,2024-12-08,192.25,10,0.9
SKU_2,LOC_B,Store,2024-12-15,181.97,10,0.9
SKU_2,LOC_B,Store,2024-12-22,196.61,10,0.9
SKU_2,LOC_B,Store,2024-12-29,193.14,10,0.9
SKU_2,LOC_B,WH,2024-01-07,160.71,7,0.98
SKU_2,LOC_B,WH,2024-01-14,164.66,7,0.98
SKU_2,LOC_B,WH,2024-01-21,164.02,7,0.98
SKU_2,LOC_B,WH,2024-01-28,168.98,7,0.98
SKU_2,LOC_B,WH,2024-02-04,162.41,7,0.98
SKU_2,LOC_B,WH,2024-02-11,172.39,7,0.98
SKU_2,LOC_B,WH,2024-02-18,165.23,7,0.98
SKU_2,LOC_B,WH,2024-02-25,170.89,7,0.98
SKU_2,LOC_B,WH,2024-03-03,172.84,7,0.98
SKU_2,LOC_B,WH,2024-03-10,167.85,7,0.98
SKU_2,LOC_B,WH,2024-03-17,167.48,7,0.98
SKU_2,LOC_B,WH,2024-03-24,168.44,7,0.98
SKU_2,LOC_B,WH,2024-03-31,160.56,7,0.98
SKU_2,LOC_B,WH,2024-04-07,165.12,7,0.98
SKU_2,LOC_B,WH,2024-04-14,158.88,7,0.98
SKU_2,LOC_B,WH,2024-04-21,158.44,7,0.98
SKU_2,LOC_B,WH,2024-04-28,153.85,7,0.98
SKU_2,LOC_B,WH,2024-05-05,155.56,7,0.98
SKU_2,LOC_B,WH,2024-05-12,160.29,7,0.98
SKU_2,LOC_B,WH,2024-05-19,151.14,7,0.98
SKU_2,LOC_B,WH,2024-05-26,148.43,7,0.98
SKU_2,LOC_B,WH,2024-06-02,154.45,7,0.98
SKU_2,LOC_B,WH,2024-06-09,155.67,7,0.98
SKU_2,LOC_B,WH,2024-06-16,158.05,7,0.98
SKU_2,LOC_B,WH,2024-06-23,160.27,7,0.98
SKU_2,LOC_B,WH,2024-06-30,168.12,7,0.98
SKU_2,LOC_B,WH,2024-07-07,166.15,7,0.98
SKU_2,LOC_B,WH,2024-07-14,170.69,7,0.98
SKU_2,LOC_B,WH,2024-07-21,176.21,7,0.98
SKU_2,LOC_B,WH,2024-07-28,173.66,7,0.98
SKU_2,LOC_B,WH,2024-08-04,180.71,7,0.98
SKU_2,LOC_B,WH,2024-08-11,177.55,7,0.98
SKU_2,LOC_B,WH,2024-08-18,185.61,7,0.98
SKU_2,LOC_B,WH,2024-08-25,183.96,7,0.98
SKU_2,LOC_B,WH,2024-09-01,174.96,7,0.98
SKU_2,LOC_B,WH,2024-09-08,181.36,7,0.98
SKU_2,LOC_B,WH,2024-09-15,186.6,7,0.98
SKU_2,LOC_B,WH,2024-09-22,181.25,7,0.98
SKU_2,LOC_B,WH,2024-09-29,176.04,7,0.98
SKU_2,LOC_B,WH,2024-10-06,173.4,7,0.98
SKU_2,LOC_B,WH,2024-10-13,177.23,7,0.98
SKU_2,LOC_B,WH,2024-10-20,175.45,7,0.98
SKU_2,LOC_B,WH,2024-10-27,164.71,7,0.98
SKU_2,LOC_B,WH,2024-11-03,171.12,7,0.98
SKU_2,LOC_B,WH,2024-11-10,167.44,7,0.98
SKU_2,LOC_B,WH,2024-11-17,160.17,7,0.98
SKU_2,LOC_B,WH,2024-11-24,170.01,7,0.98
SKU_2,LOC_B,WH,2024-12-01,164.71,7,0.98
SKU_2,LOC_B,WH,2024-12-08,170.16,7,0.98
SKU_2,LOC_B,WH,2024-12-15,175.66,7,0.98
SKU_2,LOC_B,WH,2024-12-22,180.8,7,0.98
SKU_2,LOC_B,WH,2024-12-29,177.5,7,0.98
SKU_3,LOC_A,DC,2024-01-07,189.7,20,0.9
SKU_3,LOC_A,DC,2024-01-14,186.86,20,0.9
SKU_3,LOC_A,DC,2024-01-21,195.0,20,0.9
SKU_3,LOC_A,DC,2024-01-28,190.25,20,0.9
SKU_3,LOC_A,DC,2024-02-04,202.17,20,0.9
SKU_3,LOC_A,DC,2024-02-11,196.67,20,0.9
SKU_3,LOC_A,DC,2024-02-18,197.06,20,0.9
SKU_3,LOC_A,DC,2024-02-25,202.42,20,0.9
SKU_3,LOC_A,DC,2024-03-03,190.33,20,0.9
SKU_3,LOC_A,DC,2024-03-10,192.38,20,0.9
SKU_3,LOC_A,DC,2024-03-17,196.57,20,0.9
SKU_3,LOC_A,DC,2024-03-24,196.08,20,0.9
SKU_3,LOC_A,DC,2024-03-31,189.91,20,0.9
SKU_3,LOC_A,DC,2024-04-07,206.15,20,0.9
SKU_3,LOC_A,DC,2024-04-14,187.72,20,0.9
SKU_3,LOC_A,DC,2024-04-21,187.17,20,0.9
SKU_3,LOC_A,DC,2024-04-28,187.15,20,0.9
SKU_3,LOC_A,DC,2024-05-05,199.2,20,0.9
SKU_3,LOC_A,DC,2024-05-12,191.55,20,0.9
SKU_3,LOC_A,DC,2024-05-19,183.78,20,0.9
SKU_3,LOC_A,DC,2024-05-26,190.42,20,0.9
SKU_3,LOC_A,DC,2024-06-02,188.48,20,0.9
SKU_3,LOC_A,DC,2024-06-09,187.33,20,0.9
SKU_3,LOC_A,DC,2024-06-16,192.29,20,0.9
SKU_3,LOC_A,DC,2024-06-23,198.08,20,0.9
SKU_3,LOC_A,DC,2024-06-30,197.27,20,0.9
SKU_3,LOC_A,DC,2024-07-07,206.62,20,0.9
SKU_3,LOC_A,DC,2024-07-14,201.51,20,0.9
SKU_3,LOC_A,DC,2024-07-21,215.56,20,0.9
SKU_3,LOC_A,DC,2024-07-28,202.68,20,0.9
SKU_3,LOC_A,DC,2024-08-04,222.02,20,0.9
SKU_3,LOC_A,DC,2024-08-11,215.28,20,0.9
SKU_3,LOC_A,DC,2024-08-18,218.34,20,0.9
SKU_3,LOC_A,DC,2024-08-25,207.66,20,0.9
SKU_3,LOC_A,DC,2024-09-01,215.48,20,0.9
SKU_3,LOC_A,DC,2024-09-08,217.61,20,0.9
SKU_3,LOC_A,DC,2024-09-15,215.01,20,0.9
SKU_3,LOC_A,DC,2024-09-22,219.89,20,0.9
SKU_3,LOC_A,DC,2024-09-29,206.3,20,0.9
SKU_3,LOC_A,DC,2024-10-06,212.04,20,0.9
SKU_3,LOC_A,DC,2024-10-13,211.04,20,0.9
SKU_3,LOC_A,DC,2024-10-20,197.27,20,0.9
SKU_3,LOC_A,DC,2024-10-27,197.53,20,0.9
SKU_3,LOC_A,DC,2024-11-03,196.73,20,0.9
SKU_3,LOC_A,DC,2024-11-10,197.63,20,0.9
SKU_3,LOC_A,DC,2024-11-17,197.6,20,0.9
SKU_3,LOC_A,DC,2024-11-24,201.73,20,0.9
SKU_3,LOC_A,DC,2024-12-01,211.17,20,0.9
SKU_3,LOC_A,DC,2024-12-08,202.46,20,0.9
SKU_3,LOC_A,DC,2024-12-15,205.28,20,0.9
SKU_3,LOC_A,DC,2024-12-22,214.74,20,0.9
SKU_3,LOC_A,DC,2024-12-29,207.59,20,0.9
SKU_3,LOC_A,Store,2024-01-07,113.13,15,0.95
SKU_3,LOC_A,Store,2024-01-14,95.4,15,0.95
SKU_3,LOC_A,Store,2024-01-21,119.51,15,0.95
SKU_3,LOC_A,Store,2024-01-28,114.17,15,0.95
SKU_3,LOC_A,Store,2024-02-04,117.28,15,0.95
SKU_3,LOC_A,Store,2024-02-11,120.73,15,0.95
SKU_3,LOC_A,Store,2024-02-18,124.22,15,0.95
SKU_3,LOC_A,Store,2024-02-25,123.36,15,0.95
SKU_3,LOC_A,Store,2024-03-03,118.57,15,0.95
SKU_3,LOC_A,Store,2024-03-10,126.25,15,0.95
SKU_3,LOC_A,Store,2024-03-17,111.33,15,0.95
SKU_3,LOC_A,Store,2024-03-24,122.74,15,0.95
SKU_3,LOC_A,Store,2024-03-31,119.85,15,0.95
SKU_3,LOC_A,Store,2024-04-07,117.77,15,0.95
SKU_3,LOC_A,Store,2024-04-14,118.5,15,0.95
SKU_3,LOC_A,Store,2024-04-21,108.15,15,0.95
SKU_3,LOC_A,Store,2024-04-28,116.44,15,0.95
SKU_3,LOC_A,Store,2024-05-05,108.04,15,0.95
SKU_3,LOC_A,Store,2024-05-12,108.52,15,0.95
SKU_3,LOC_A,Store,2024-05-19,109.52,15,0.95
SKU_3,LOC_A,Store,2024-05-26,99.69,15,0.95
SKU_3,LOC_A,Store,2024-06-02,103.33,15,0.95
SKU_3,LOC_A,Store,2024-06-09,105.6,15,0.95
SKU_3,LOC_A,Store,2024-06-16,115.11,15,0.95
SKU_3,LOC_A,Store,2024-06-23,108.17,15,0.95
SKU_3,LOC_A,Store,2024-06-30,111.89,15,0.95
SKU_3,LOC_A,Store,2024-07-07,127.92,15,0.95
SKU_3,LOC_A,Store,2024-07-14,123.87,15,0.95
SKU_3,LOC_A,Store,2024-07-21,118.58,15,0.95
SKU_3,LOC_A,Store,2024-07-28,128.77,15,0.95
SKU_3,LOC_A,Store,2024-08-04,135.61,15,0.95
SKU_3,LOC_A,Store,2024-08-11,131.6,15,0.95
SKU_3,LOC_A,Store,2024-08-18,131.74,15,0.95
SKU_3,LOC_A,Store,2024-08-25,128.67,15,0.95
SKU_3,LOC_A,Store,2024-09-01,129.53,15,0.95
SKU_3,LOC_A,Store,2024-09-08,143.03,15,0.95
SKU_3,LOC_A,Store,2024-09-15,122.66,15,0.95
SKU_3,LOC_A,Store,2024-09-22,135.65,15,0.95
SKU_3,LOC_A,Store,2024-09-29,128.29,15,0.95
SKU_3,LOC_A,Store,2024-10-06,122.21,15,0.95
SKU_3,LOC_A,Store,2024-10-13,122.87,15,0.95
SKU_3,LOC_A,Store,2024-10-20,111.8,15,0.95
SKU_3,LOC_A,Store,2024-10-27,119.3,15,0.95
SKU_3,LOC_A,Store,2024-11-03,124.08,15,0.95
SKU_3,LOC_A,Store,2024-11-10,108.64,15,0.95
SKU_3,LOC_A,Store,2024-11-17,129.35,15,0.95
SKU_3,LOC_A,Store,2024-11-24,116.71,15,0.95
SKU_3,LOC_A,Store,2024-12-01,127.15,15,0.95
SKU_3,LOC_A,Store,2024-12-08,125.13,15,0.95
SKU_3,LOC_A,Store,2024-12-15,122.77,15,0.95
SKU_3,LOC_A,Store,2024-12-22,138.04,15,0.95
SKU_3,LOC_A,Store,2024-12-29,127.86,15,0.95
SKU_3,LOC_A,WH,2024-01-07,52.68,12,0.98
SKU_3,LOC_A,WH,2024-01-14,63.05,12,0.98
SKU_3,LOC_A,WH,2024-01-21,54.97,12,0.98
SKU_3,LOC_A,WH,2024-01-28,64.15,12,0.98
SKU_3,LOC_A,WH,2024-02-04,66.76,12,0.98
SKU_3,LOC_A,WH,2024-02-11,72.13,12,0.98
SKU_3,LOC_A,WH,2024-02-18,73.45,12,0.98
SKU_3,LOC_A,WH,2024-02-25,64.65,12,0.98
SKU_3,LOC_A,WH,2024-03-03,69.54,12,0.98
SKU_3,LOC_A,WH,2024-03-10,57.56,12,0.98
SKU_3,LOC_A,WH,2024-03-17,63.3,12,0.98
SKU_3,LOC_A,WH,2024-03-24,61.45,12,0.98
SKU_3,LOC_A,WH,2024-03-31,69.18,12,0.98
SKU_3,LOC_A,WH,2024-04-07,66.47,12,0.98
SKU_3,LOC_A,WH,2024-04-14,62.93,12,0.98
SKU_3,LOC_A,WH,2024-04-21,59.59,12,0.98
SKU_3,LOC_A,WH,2024-04-28,57.5,12,0.98
SKU_3,LOC_A,WH,2024-05-05,64.21,12,0.98
SKU_3,LOC_A,WH,2024-05-12,55.29,12,0.98
SKU_3,LOC_A,WH,2024-05-19,49.3,12,0.98
SKU_3,LOC_A,WH,2024-05-26,55.41,12,0.98
SKU_3,LOC_A,WH,2024-06-02,63.7,12,0.98
SKU_3,LOC_A,WH,2024-06-09,60.48,12,0.98
SKU_3,LOC_A,WH,2024-06-16,61.9,12,0.98
SKU_3,LOC_A,WH,2024-06-23,60.51,12,0.98
SKU_3,LOC_A,WH,2024-06-30,69.09,12,0.98
SKU_3,LOC_A,WH,2024-07-07,69.37,12,0.98
SKU_3,LOC_A,WH,2024-07-14,81.45,12,0.98
SKU_3,LOC_A,WH,2024-07-21,73.04,12,0.98
SKU_3,LOC_A,WH,2024-07-28,73.27,12,0.98
SKU_3,LOC_A,WH,2024-08-04,83.05,12,0.98
SKU_3,LOC_A,WH,2024-08-11,79.09,12,0.98
SKU_3,LOC_A,WH,2024-08-18,85.3,12,0.98
SKU_3,LOC_A,WH,2024-08-25,80.37,12,0.98
SKU_3,LOC_A,WH,2024-09-01,82.6,12,0.98
SKU_3,LOC_A,WH,2024-09-08,82.5,12,0.98
SKU_3,LOC_A,WH,2024-09-15,73.51,12,0.98
SKU_3,LOC_A,WH,2024-09-22,81.28,12,0.98
SKU_3,LOC_A,WH,2024-09-29,78.37,12,0.98
SKU_3,LOC_A,WH,2024-10-06,72.82,12,0.98
SKU_3,LOC_A,WH,2024-10-13,67.59,12,0.98
SKU_3,LOC_A,WH,2024-10-20,63.1,12,0.98
SKU_3,LOC_A,WH,2024-10-27,67.75,12,0.98
SKU_3,LOC_A,WH,2024-11-03,66.31,12,0.98
SKU_3,LOC_A,WH,2024-11-10,69.83,12,0.98
SKU_3,LOC_A,WH,2024-11-17,64.29,12,0.98
SKU_3,LOC_A,WH,2024-11-24,63.65,12,0.98
SKU_3,LOC_A,WH,2024-12-01,69.52,12,0.98
SKU_3,LOC_A,WH,2024-12-08,74.63,12,0.98
SKU_3,LOC_A,WH,2024-12-15,70.36,12,0.98
SKU_3,LOC_A,WH,2024-12-22,78.55,12,0.98
SKU_3,LOC_A,WH,2024-12-29,77.4,12,0.98
SKU_3,LOC_B,DC,2024-01-07,143.39,6,0.98
SKU_3,LOC_B,DC,2024-01-14,149.38,6,0.98
SKU_3,LOC_B,DC,2024-01-21,139.44,6,0.98
SKU_3,LOC_B,DC,2024-01-28,147.42,6,0.98
SKU_3,LOC_B,DC,2024-02-04,145.19,6,0.98
SKU_3,LOC_B,DC,2024-02-11,149.77,6,0.98
SKU_3,LOC_B,DC,2024-02-18,156.59,6,0.98
SKU_3,LOC_B,DC,2024-02-25,149.58,6,0.98
SKU_3,LOC_B,DC,2024-03-03,150.37,6,0.98
SKU_3,LOC_B,DC,2024-03-10,152.65,6,0.98
SKU_3,LOC_B,DC,2024-03-17,141.63,6,0.98
SKU_3,LOC_B,DC,2024-03-24,140.51,6,0.98
SKU_3,LOC_B,DC,2024-03-31,147.78,6,0.98
SKU_3,LOC_B,DC,2024-04-07,145.31,6,0.98
SKU_3,LOC_B,DC,2024-04-14,139.62,6,0.98
SKU_3,LOC_B,DC,2024-04-21,140.18,6,0.98
SKU_3,LOC_B,DC,2024-04-28,137.81,6,0.98
SKU_3,LOC_B,DC,2024-05-05,138.93,6,0.98
SKU_3,LOC_B,DC,2024-05-12,149.11,6,0.98
SKU_3,LOC_B,DC,2024-05-19,135.39,6,0.98
SKU_3,LOC_B,DC,2024-05-26,140.35,6,0.98
SKU_3,LOC_B,DC,2024-06-02,135.33,6,0.98
SKU_3,LOC_B,DC,2024-06-09,140.3,6,0.98
SKU_3,LOC_B,DC,2024-06-16,141.93,6,0.98
SKU_3,LOC_B,DC,2024-06-23,141.79,6,0.98
SKU_3,LOC_B,DC,2024-06-30,147.24,6,0.98
SKU_3,LOC_B,DC,2024-07-07,154.9,6,0.98
SKU_3,LOC_B,DC,2024-07-14,155.48,6,0.98
SKU_3,LOC_B,DC,2024-07-21,147.6,6,0.98
SKU_3,LOC_B,DC,2024-07-28,158.98,6,0.98
SKU_3,LOC_B,DC,2024-08-04,150.55,6,0.98
SKU_3,LOC_B,DC,2024-08-11,166.18,6,0.98
SKU_3,LOC_B,DC,2024-08-18,159.15,6,0.98
SKU_3,LOC_B,DC,2024-08-25,164.85,6,0.98
SKU_3,LOC_B,DC,2024-09-01,157.11,6,0.98
SKU_3,LOC_B,DC,2024-09-08,169.95,6,0.98
SKU_3,LOC_B,DC,2024-09-15,159.92,6,0.98
SKU_3,LOC_B,DC,2024-09-22,158.02,6,0.98
SKU_3,LOC_B,DC,2024-09-29,163.09,6,0.98
SKU_3,LOC_B,DC,2024-10-06,159.16,6,0.98
SKU_3,LOC_B,DC,2024-10-13,150.76,6,0.98
SKU_3,LOC_B,DC,2024-10-20,154.97,6,0.98
SKU_3,LOC_B,DC,2024-10-27,157.07,6,0.98
SKU_3,LOC_B,DC,2024-11-03,143.07,6,0.98
SKU_3,LOC_B,DC,2024-11-10,144.35,6,0.98
SKU_3,LOC_B,DC,2024-11-17,139.04,6,0.98
SKU_3,LOC_B,DC,2024-11-24,149.27,6,0.98
SKU_3,LOC_B,DC,2024-12-01,148.41,6,0.98
SKU_3,LOC_B,DC,2024-12-08,154.02,6,0.98
SKU_3,LOC_B,DC,2024-12-15,162.66,6,0.98
SKU_3,LOC_B,DC,2024-12-22,157.36,6,0.98
SKU_3,LOC_B,DC,2024-12-29,157.17,6,0.98
SKU_3,LOC_B,Store,2024-01-07,164.17,12,0.95
SKU_3,LOC_B,Store,2024-01-14,168.9,12,0.95
SKU_3,LOC_B,Store,2024-01-21,171.05,12,0.95
SKU_3,LOC_B,Store,2024-01-28,181.44,12,0.95
SKU_3,LOC_B,Store,2024-02-04,174.47,12,0.95
SKU_3,LOC_B,Store,2024-02-11,177.97,12,0.95
SKU_3,LOC_B,Store,2024-02-18,177.47,12,0.95
SKU_3,LOC_B,Store,2024-02-25,175.01,12,0.95
SKU_3,LOC_B,Store,2024-03-03,171.24,12,0.95
SKU_3,LOC_B,Store,2024-03-10,179.92,12,0.95
SKU_3,LOC_B,Store,2024-03-17,176.1,12,0.95
SKU_3,LOC_B,Store,2024-03-24,166.22,12,0.95
SKU_3,LOC_B,Store,2024-03-31,181.82,12,0.95
SKU_3,LOC_B,Store,2024-04-07,171.04,12,0.95
SKU_3,LOC_B,Store,2024-04-14,177.45,12,0.95
SKU_3,LOC_B,Store,2024-04-21,169.28,12,0.95
SKU_3,LOC_B,Store,2024-04-28,158.44,12,0.95
SKU_3,LOC_B,Store,2024-05-05,173.2,12,0.95
SKU_3,LOC_B,Store,2024-05-12,172.75,12,0.95
SKU_3,LOC_B,Store,2024-05-19,162.0,12,0.95
SKU_3,LOC_B,Store,2024-05-26,161.05,12,0.95
SKU_3,LOC_B,Store,2024-06-02,162.35,12,0.95
SKU_3,LOC_B,Store,2024-06-09,163.28,12,0.95
SKU_3,LOC_B,Store,2024-06-16,175.92,12,0.95
SKU_3,LOC_B,Store,2024-06-23,177.85,12,0.95
SKU_3,LOC_B,Store,2024-06-30,174.12,12,0.95
SKU_3,LOC_B,Store,2024-07-07,179.72,12,0.95
SKU_3,LOC_B,Store,2024-07-14,185.62,12,0.95
SKU_3,LOC_B,Store,2024-07-21,183.89,12,0.95
SKU_3,LOC_B,Store,2024-07-28,183.83,12,0.95
SKU_3,LOC_B,Store,2024-08-04,192.41,12,0.95
SKU_3,LOC_B,Store,2024-08-11,189.75,12,0.95
SKU_3,LOC_B,Store,2024-08-18,192.9,12,0.95
SKU_3,LOC_B,Store,2024-08-25,194.6,12,0.95
SKU_3,LOC_B,Store,2024-09-01,200.16,12,0.95
SKU_3,LOC_B,Store,2024-09-08,187.06,12,0.95
SKU_3,LOC_B,Store,2024-09-15,195.71,12,0.95
SKU_3,LOC_B,Store,2024-09-22,190.18,12,0.95
SKU_3,LOC_B,Store,2024-09-29,182.65,12,0.95
SKU_3,LOC_B,Store,2024-10-06,190.72,12,0.95
SKU_3,LOC_B,Store,2024-10-13,185.6,12,0.95
SKU_3,LOC_B,Store,2024-10-20,173.56,12,0.95
SKU_3,LOC_B,Store,2024-10-27,175.76,12,0.95
SKU_3,LOC_B,Store,2024-11-03,180.64,12,0.95
SKU_3,LOC_B,Store,2024-11-10,175.28,12,0.95
SKU_3,LOC_B,Store,2024-11-17,177.33,12,0.95
SKU_3,LOC_B,Store,2024-11-24,176.63,12,0.95
SKU_3,LOC_B,Store,2024-12-01,176.1,12,0.95
SKU_3,LOC_B,Store,2024-12-08,187.72,12,0.95
SKU_3,LOC_B,Store,2024-12-15,174.69,12,0.95
SKU_3,LOC_B,Store,2024-12-22,191.72,12,0.95
SKU_3,LOC_B,Store,2024-12-29,185.85,12,0.95
SKU_3,LOC_B,WH,2024-01-07,173.28,7,0.98
SKU_3,LOC_B,WH,2024-01-14,176.47,7,0.98
SKU_3,LOC_B,WH,2024-01-21,169.26,7,0.98
SKU_3,LOC_B,WH,2024-01-28,173.44,7,0.98
SKU_3,LOC_B,WH,2024-02-04,181.81,7,0.98
SKU_3,LOC_B,WH,2024-02-11,176.18,7,0.98
SKU_3,LOC_B,WH,2024-02-18,180.31,7,0.98
SKU_3,LOC_B,WH,2024-02-25,193.23,7,0.98
SKU_3,LOC_B,WH,2024-03-03,184.0,7,0.98
SKU_3,LOC_B,WH,2024-03-10,180.07,7,0.98
SKU_3,LOC_B,WH,2024-03-17,185.1,7,0.98
SKU_3,LOC_B,WH,2024-03-24,174.43,7,0.98
SKU_3,LOC_B,WH,2024-03-31,170.17,7,0.98
SKU_3,LOC_B,WH,2024-04-07,175.7,7,0.98
SKU_3,LOC_B,WH,2024-04-14,176.52,7,0.98
SKU_3,LOC_B,WH,2024-04-21,167.66,7,0.98
SKU_3,LOC_B,WH,2024-04-28,177.23,7,0.98
SKU_3,LOC_B,WH,2024-05-05,171.32,7,0.98
SKU_3,LOC_B,WH,2024-05-12,168.2,7,0.98
SKU_3,LOC_B,WH,2024-05-19,169.86,7,0.98
SKU_3,LOC_B,WH,2024-05-26,173.17,7,0.98
SKU_3,LOC_B,WH,2024-06-02,174.5,7,0.98
SKU_3,LOC_B,WH,2024-06-09,174.38,7,0.98
SKU_3,LOC_B,WH,2024-06-16,175.56,7,0.98
SKU_3,LOC_B,WH,2024-06-23,179.04,7,0.98
SKU_3,LOC_B,WH,2024-06-30,178.23,7,0.98
SKU_3,LOC_B,WH,2024-07-07,182.88,7,0.98
SKU_3,LOC_B,WH,2024-07-14,180.36,7,0.98
SKU_3,LOC_B,WH,2024-07-21,190.17,7,0.98
SKU_3,LOC_B,WH,2024-07-28,183.03,7,0.98
SKU_3,LOC_B,WH,2024-08-04,195.18,7,0.98
SKU_3,LOC_B,WH,2024-08-11,182.44,7,0.98
SKU_3,LOC_B,WH,2024-08-18,192.74,7,0.98
SKU_3,LOC_B,WH,2024-08-25,197.32,7,0.98
SKU_3,LOC_B,WH,2024-09-01,195.0,7,0.98
SKU_3,LOC_B,WH,2024-09-08,203.57,7,0.98
SKU_3,LOC_B,WH,2024-09-15,191.1,7,0.98
SKU_3,LOC_B,WH,2024-09-22,192.75,7,0.98
SKU_3,LOC_B,WH,2024-09-29,192.83,7,0.98
SKU_3,LOC_B,WH,2024-10-06,191.49,7,0.98
SKU_3,LOC_B,WH,2024-10-13,200.18,7,0.98
SKU_3,LOC_B,WH,2024-10-20,181.67,7,0.98
SKU_3,LOC_B,WH,2024-10-27,184.93,7,0.98
SKU_3,LOC_B,WH,2024-11-03,181.64,7,0.98
SKU_3,LOC_B,WH,2024-11-10,182.78,7,0.98
SKU_3,LOC_B,WH,2024-11-17,181.65,7,0.98
SKU_3,LOC_B,WH,2024-11-24,176.21,7,0.98
SKU_3,LOC_B,WH,2024-12-01,187.77,7,0.98
SKU_3,LOC_B,WH,2024-12-08,186.92,7,0.98
SKU_3,LOC_B,WH,2024-12-15,188.94,7,0.98
SKU_3,LOC_B,WH,2024-12-22,190.09,7,0.98
SKU_3,LOC_B,WH,2024-12-29,190.95,7,0.98
SKU_4,LOC_A,DC,2024-01-07,135.12,15,0.95
SKU_4,LOC_A,DC,2024-01-14,142.37,15,0.95
SKU_4,LOC_A,DC,2024-01-21,140.71,15,0.95
SKU_4,LOC_A,DC,2024-01-28,155.77,15,0.95
SKU_4,LOC_A,DC,2024-02-04,155.45,15,0.95
SKU_4,LOC_A,DC,2024-02-11,146.26,15,0.95
SKU_4,LOC_A,DC,2024-02-18,163.17,15,0.95
SKU_4,LOC_A,DC,2024-02-25,151.97,15,0.95
SKU_4,LOC_A,DC,2024-03-03,161.25,15,0.95
SKU_4,LOC_A,DC,2024-03-10,158.32,15,0.95
SKU_4,LOC_A,DC,2024-03-17,161.69,15,0.95
SKU_4,LOC_A,DC,2024-03-24,157.52,15,0.95
SKU_4,LOC_A,DC,2024-03-31,156.7,15,0.95
SKU_4,LOC_A,DC,2024-04-07,153.68,15,0.95
SKU_4,LOC_A,DC,2024-04-14,143.89,15,0.95
SKU_4,LOC_A,DC,2024-04-21,145.66,15,0.95
SKU_4,LOC_A,DC,2024-04-28,143.76,15,0.95
SKU_4,LOC_A,DC,2024-05-05,144.1,15,0.95
SKU_4,LOC_A,DC,2024-05-12,145.89,15,0.95
SKU_4,LOC_A,DC,2024-05-19,145.67,15,0.95
SKU_4,LOC_A,DC,2024-05-26,145.69,15,0.95
SKU_4,LOC_A,DC,2024-06-02,140.67,15,0.95
SKU_4,LOC_A,DC,2024-06-09,142.91,15,0.95
SKU_4,LOC_A,DC,2024-06-16,155.86,15,0.95
SKU_4,LOC_A,DC,2024-06-23,154.21,15,0.95
SKU_4,LOC_A,DC,2024-06-30,164.0,15,0.95
SKU_4,LOC_A,DC,2024-07-07,157.27,15,0.95
SKU_4,LOC_A,DC,2024-07-14,153.5,15,0.95
SKU_4,LOC_A,DC,2024-07-21,149.8,15,0.95
SKU_4,LOC_A,DC,2024-07-28,164.94,15,0.95
SKU_4,LOC_A,DC,2024-08-04,166.54,15,0.95
SKU_4,LOC_A,DC,2024-08-11,159.79,15,0.95
SKU_4,LOC_A,DC,2024-08-18,161.56,15,0.95
SKU_4,LOC_A,DC,2024-08-25,173.23,15,0.95
SKU_4,LOC_A,DC,2024-09-01,161.26,15,0.95
SKU_4,LOC_A,DC,2024-09-08,165.9,15,0.95
SKU_4,LOC_A,DC,2024-09-15,172.29,15,0.95
SKU_4,LOC_A,DC,2024-09-22,174.48,15,0.95
SKU_4,LOC_A,DC,2024-09-29,168.72,15,0.95
SKU_4,LOC_A,DC,2024-10-06,159.73,15,0.95
SKU_4,LOC_A,DC,2024-10-13,162.05,15,0.95
SKU_4,LOC_A,DC,2024-10-20,156.25,15,0.95
SKU_4,LOC_A,DC,2024-10-27,160.49,15,0.95
SKU_4,LOC_A,DC,2024-11-03,157.67,15,0.95
SKU_4,LOC_A,DC,2024-11-10,148.96,15,0.95
SKU_4,LOC_A,DC,2024-11-17,159.45,15,0.95
SKU_4,LOC_A,DC,2024-11-24,158.88,15,0.95
SKU_4,LOC_A,DC,2024-12-01,157.69,15,0.95
SKU_4,LOC_A,DC,2024-12-08,163.01,15,0.95
SKU_4,LOC_A,DC,2024-12-15,161.72,15,0.95
SKU_4,LOC_A,DC,2024-12-22,160.52,15,0.95
SKU_4,LOC_A,DC,2024-12-29,167.07,15,0.95
SKU_4,LOC_A,Store,2024-01-07,120.38,11,0.98
SKU_4,LOC_A,Store,2024-01-14,133.84,11,0.98
SKU_4,LOC_A,Store,2024-01-21,135.16,11,0.98
SKU_4,LOC_A,Store,2024-01-28,134.58,11,0.98
SKU_4,LOC_A,Store,2024-02-04,139.68,11,0.98
SKU_4,LOC_A,Store,2024-02-11,129.13,11,0.98
SKU_4,LOC_A,Store,2024-02-18,134.82,11,0.98
SKU_4,LOC_A,Store,2024-02-25,145.03,11,0.98
SKU_4,LOC_A,Store,2024-03-03,138.02,11,0.98
SKU_4,LOC_A,Store,2024-03-10,137.05,11,0.98
SKU_4,LOC_A,Store,2024-03-17,140.15,11,0.98
SKU_4,LOC_A,Store,2024-03-24,129.43,11,0.98
SKU_4,LOC_A,Store,2024-03-31,132.78,11,0.98
SKU_4,LOC_A,Store,2024-04-07,141.18,11,0.98
SKU_4,LOC_A,Store,2024-04-14,124.36,11,0.98
SKU_4,LOC_A,Store,2024-04-21,127.92,11,0.98
SKU_4,LOC_A,Store,2024-04-28,131.26,11,0.98
SKU_4,LOC_A,Store,2024-05-05,125.0,11,0.98
SKU_4,LOC_A,Store,2024-05-12,125.61,11,0.98
SKU_4,LOC_A,Store,2024-05-19,133.25,11,0.98
SKU_4,LOC_A,Store,2024-05-26,130.31,11,0.98
SKU_4,LOC_A,Store,2024-06-02,129.42,11,0.98
SKU_4,LOC_A,Store,2024-06-09,131.1,11,0.98
SKU_4,LOC_A,Store,2024-06-16,142.02,11,0.98
SKU_4,LOC_A,Store,2024-06-23,124.04,11,0.98
SKU_4,LOC_A,Store,2024-06-30,139.41,11,0.98
SKU_4,LOC_A,Store,2024-07-07,147.51,11,0.98
SKU_4,LOC_A,Store,2024-07-14,139.33,11,0.98
SKU_4,LOC_A,Store,2024-07-21,141.13,11,0.98
SKU_4,LOC_A,Store,2024-07-28,139.06,11,0.98
SKU_4,LOC_A,Store,2024-08-04,149.02,11,0.98
SKU_4,LOC_A,Store,2024-08-11,147.08,11,0.98
SKU_4,LOC_A,Store,2024-08-18,146.38,11,0.98
SKU_4,LOC_A,Store,2024-08-25,148.3,11,0.98
SKU_4,LOC_A,Store,2024-09-01,155.85,11,0.98
SKU_4,LOC_A,Store,2024-09-08,153.02,11,0.98
SKU_4,LOC_A,Store,2024-09-15,154.72,11,0.98
SKU_4,LOC_A,Store,2024-09-22,153.67,11,0.98
SKU_4,LOC_A,Store,2024-09-29,144.32,11,0.98
SKU_4,LOC_A,Store,2024-10-06,134.99,11,0.98
SKU_4,LOC_A,Store,2024-10-13,141.86,11,0.98
SKU_4,LOC_A,Store,2024-10-20,141.54,11,0.98
SKU_4,LOC_A,Store,2024-10-27,142.23,11,0.98
SKU_4,LOC_A,Store,2024-11-03,135.64,11,0.98
SKU_4,LOC_A,Store,2024-11-10,135.55,11,0.98
SKU_4,LOC_A,Store,2024-11-17,140.33,11,0.98
SKU_4,LOC_A,Store,2024-11-24,136.8,11,0.98
SKU_4,LOC_A,Store,2024-12-01,142.89,11,0.98
SKU_4,LOC_A,Store,2024-12-08,134.77,11,0.98
SKU_4,LOC_A,Store,2024-12-15,142.12,11,0.98
SKU_4,LOC_A,Store,2024-12-22,154.44,11,0.98
SKU_4,LOC_A,Store,2024-12-29,144.95,11,0.98
SKU_4,LOC_A,WH,2024-01-07,144.83,7,0.95
SKU_4,LOC_A,WH,2024-01-14,143.86,7,0.95
SKU_4,LOC_A,WH,2024-01-21,145.38,7,0.95
SKU_4,LOC_A,WH,2024-01-28,151.95,7,0.95
SKU_4,LOC_A,WH,2024-02-04,149.69,7,0.95
SKU_4,LOC_A,WH,2024-02-11,157.77,7,0.95
SKU_4,LOC_A,WH,2024-02-18,148.9,7,0.95
SKU_4,LOC_A,WH,2024-02-25,148.64,7,0.95
SKU_4,LOC_A,WH,2024-03-03,155.93,7,0.95
SKU_4,LOC_A,WH,2024-03-10,159.0,7,0.95
SKU_4,LOC_A,WH,2024-03-17,151.32,7,0.95
SKU_4,LOC_A,WH,2024-03-24,149.53,7,0.95
SKU_4,LOC_A,WH,2024-03-31,149.05,7,0.95
SKU_4,LOC_A,WH,2024-04-07,147.86,7,0.95
SKU_4,LOC_A,WH,2024-04-14,151.67,7,0.95
SKU_4,LOC_A,WH,2024-04-21,151.07,7,0.95
SKU_4,LOC_A,WH,2024-04-28,136.82,7,0.95
SKU_4,LOC_A,WH,2024-05-05,145.6,7,0.95
SKU_4,LOC_A,WH,2024-05-12,153.04,7,0.95
SKU_4,LOC_A,WH,2024-05-19,140.89,7,0.95
SKU_4,LOC_A,WH,2024-05-26,141.23,7,0.95
SKU_4,LOC_A,WH,2024-06-02,137.06,7,0.95
SKU_4,LOC_A,WH,2024-06-09,147.93,7,0.95
SKU_4,LOC_A,WH,2024-06-16,145.87,7,0.95
SKU_4,LOC_A,WH,2024-06-23,149.85,7,0.95
SKU_4,LOC_A,WH,2024-06-30,157.78,7,0.95
SKU_4,LOC_A,WH,2024-07-07,162.49,7,0.95
SKU_4,LOC_A,WH,2024-07-14,155.08,7,0.95
SKU_4,LOC_A,WH,2024-07-21,158.44,7,0.95
SKU_4,LOC_A,WH,2024-07-28,161.63,7,0.95
SKU_4,LOC_A,WH,2024-08-04,168.81,7,0.95
SKU_4,LOC_A,WH,2024-08-11,161.87,7,0.95
SKU_4,LOC_A,WH,2024-08-18,170.15,7,0.95
SKU_4,LOC_A,WH,2024-08-25,168.2,7,0.95
SKU_4,LOC_A,WH,2024-09-01,173.09,7,0.95
SKU_4,LOC_A,WH,2024-09-08,174.94,7,0.95
SKU_4,LOC_A,WH,2024-09-15,167.7,7,0.95
SKU_4,LOC_A,WH,2024-09-22,161.52,7,0.95
SKU_4,LOC_A,WH,2024-09-29,165.94,7,0.95
SKU_4,LOC_A,WH,2024-10-06,169.6,7,0.95
SKU_4,LOC_A,WH,2024-10-13,160.74,7,0.95
SKU_4,LOC_A,WH,2024-10-20,151.55,7,0.95
SKU_4,LOC_A,WH,2024-10-27,160.57,7,0.95
SKU_4,LOC_A,WH,2024-11-03,156.63,7,0.95
SKU_4,LOC_A,WH,2024-11-10,153.55,7,0.95
SKU_4,LOC_A,WH,2024-11-17,149.86,7,0.95
SKU_4,LOC_A,WH,2024-11-24,146.37,7,0.95
SKU_4,LOC_A,WH,2024-12-01,151.9,7,0.95
SKU_4,LOC_A,WH,2024-12-08,162.97,7,0.95
SKU_4,LOC_A,WH,2024-12-15,159.19,7,0.95
SKU_4,LOC_A,WH,2024-12-22,159.18,7,0.95
SKU_4,LOC_A,WH,2024-12-29,164.41,7,0.95
SKU_4,LOC_B,DC,2024-01-07,178.81,5,0.9
SKU_4,LOC_B,DC,2024-01-14,180.65,5,0.9
SKU_4,LOC_B,DC,2024-01-21,173.35,5,0.9
SKU_4,LOC_B,DC,2024-01-28,185.46,5,0.9
SKU_4,LOC_B,DC,2024-02-04,181.47,5,0.9
SKU_4,LOC_B,DC,2024-02-11,186.28,5,0.9
SKU_4,LOC_B,DC,2024-02-18,190.09,5,0.9
SKU_4,LOC_B,DC,2024-02-25,189.23,5,0.9
SKU_4,LOC_B,DC,2024-03-03,186.93,5,0.9
SKU_4,LOC_B,DC,2024-03-10,182.81,5,0.9
SKU_4,LOC_B,DC,2024-03-17,173.85,5,0.9
SKU_4,LOC_B,DC,2024-03-24,185.93,5,0.9
SKU_4,LOC_B,DC,2024-03-31,187.68,5,0.9
SKU_4,LOC_B,DC,2024-04-07,181.78,5,0.9
SKU_4,LOC_B,DC,2024-04-14,181.95,5,0.9
SKU_4,LOC_B,DC,2024-04-21,178.04,5,0.9
SKU_4,LOC_B,DC,2024-04-28,175.45,5,0.9
SKU_4,LOC_B,DC,2024-05-05,170.65,5,0.9
SKU_4,LOC_B,DC,2024-05-12,174.36,5,0.9
SKU_4,LOC_B,DC,2024-05-19,180.35,5,0.9
SKU_4,LOC_B,DC,2024-05-26,182.73,5,0.9
SKU_4,LOC_B,DC,2024-06-02,178.81,5,0.9
SKU_4,LOC_B,DC,2024-06-09,178.19,5,0.9
SKU_4,LOC_B,DC,2024-06-16,184.44,5,0.9
SKU_4,LOC_B,DC,2024-06-23,181.86,5,0.9
SKU_4,LOC_B,DC,2024-06-30,191.0,5,0.9
SKU_4,LOC_B,DC,2024-07-07,190.63,5,0.9
SKU_4,LOC_B,DC,2024-07-14,196.0,5,0.9
SKU_4,LOC_B,DC,2024-07-21,199.16,5,0.9
SKU_4,LOC_B,DC,2024-07-28,195.41,5,0.9
SKU_4,LOC_B,DC,2024-08-04,213.46,5,0.9
SKU_4,LOC_B,DC,2024-08-11,203.42,5,0.9
SKU_4,LOC_B,DC,2024-08-18,204.97,5,0.9
SKU_4,LOC_B,DC,2024-08-25,196.81,5,0.9
SKU_4,LOC_B,DC,2024-09-01,205.37,5,0.9
SKU_4,LOC_B,DC,2024-09-08,206.99,5,0.9
SKU_4,LOC_B,DC,2024-09-15,196.15,5,0.9
SKU_4,LOC_B,DC,2024-09-22,193.4,5,0.9
SKU_4,LOC_B,DC,2024-09-29,199.07,5,0.9
SKU_4,LOC_B,DC,2024-10-06,198.44,5,0.9
SKU_4,LOC_B,DC,2024-10-13,195.72,5,0.9
SKU_4,LOC_B,DC,2024-10-20,191.36,5,0.9
SKU_4,LOC_B,DC,2024-10-27,196.37,5,0.9
SKU_4,LOC_B,DC,2024-11-03,189.61,5,0.9
SKU_4,LOC_B,DC,2024-11-10,189.71,5,0.9
SKU_4,LOC_B,DC,2024-11-17,185.12,5,0.9
SKU_4,LOC_B,DC,2024-11-24,186.33,5,0.9
SKU_4,LOC_B,DC,2024-12-01,197.06,5,0.9
SKU_4,LOC_B,DC,2024-12-08,198.95,5,0.9
SKU_4,LOC_B,DC,2024-12-15,200.36,5,0.9
SKU_4,LOC_B,DC,2024-12-22,206.16,5,0.9
SKU_4,LOC_B,DC,2024-12-29,204.91,5,0.9
SKU_4,LOC_B,Store,2024-01-07,189.12,11,0.95
SKU_4,LOC_B,Store,2024-01-14,193.85,11,0.95
SKU_4,LOC_B,Store,2024-01-21,195.17,11,0.95
SKU_4,LOC_B,Store,2024-01-28,208.69,11,0.95
SKU_4,LOC_B,Store,2024-02-04,205.09,11,0.95
SKU_4,LOC_B,Store,2024-02-11,210.58,11,0.95
SKU_4,LOC_B,Store,2024-02-18,202.56,11,0.95
SKU_4,LOC_B,Store,2024-02-25,201.68,11,0.95
SKU_4,LOC_B,Store,2024-03-03,205.79,11,0.95
SKU_4,LOC_B,Store,2024-03-10,206.47,11,0.95
SKU_4,LOC_B,Store,2024-03-17,211.35,11,0.95
SKU_4,LOC_B,Store,2024-03-24,204.21,11,0.95
SKU_4,LOC_B,Store,2024-03-31,218.78,11,0.95
SKU_4,LOC_B,Store,2024-04-07,214.77,11,0.95
SKU_4,LOC_B,Store,2024-04-14,199.65,11,0.95
SKU_4,LOC_B,Store,2024-04-21,199.33,11,0.95
SKU_4,LOC_B,Store,2024-04-28,200.01,11,0.95
SKU_4,LOC_B,Store,2024-05-05,193.9,11,0.95
SKU_4,LOC_B,Store,2024-05-12,197.71,11,0.95
SKU_4,LOC_B,Store,2024-05-19,191.22,11,0.95
SKU_4,LOC_B,Store,2024-05-26,198.16,11,0.95
SKU_4,LOC_B,Store,2024-06-02,198.82,11,0.95
SKU_4,LOC_B,Store,2024-06-09,199.93,11,0.95
SKU_4,LOC_B,Store,2024-06-16,201.5,11,0.95
SKU_4,LOC_B,Store,2024-06-23,204.88,11,0.95
SKU_4,LOC_B,Store,2024-06-30,210.88,11,0.95
SKU_4,LOC_B,Store,2024-07-07,212.38,11,0.95
SKU_4,LOC_B,Store,2024-07-14,215.79,11,0.95
SKU_4,LOC_B,Store,2024-07-21,223.24,11,0.95
SKU_4,LOC_B,Store,2024-07-28,215.46,11,0.95
SKU_4,LOC_B,Store,2024-08-04,220.56,11,0.95
SKU_4,LOC_B,Store,2024-08-11,216.71,11,0.95
SKU_4,LOC_B,Store,2024-08-18,220.93,11,0.95
SKU_4,LOC_B,Store,2024-08-25,231.56,11,0.95
SKU_4,LOC_B,Store,2024-09-01,213.85,11,0.95
SKU_4,LOC_B,Store,2024-09-08,222.66,11,0.95
SKU_4,LOC_B,Store,2024-09-15,228.34,11,0.95
SKU_4,LOC_B,Store,2024-09-22,217.6,11,0.95
SKU_4,LOC_B,Store,2024-09-29,213.02,11,0.95
SKU_4,LOC_B,Store,2024-10-06,216.01,11,0.95
SKU_4,LOC_B,Store,2024-10-13,211.26,11,0.95
SKU_4,LOC_B,Store,2024-10-20,208.9,11,0.95
SKU_4,LOC_B,Store,2024-10-27,205.45,11,0.95
SKU_4,LOC_B,Store,2024-11-03,208.59,11,0.95
SKU_4,LOC_B,Store,2024-11-10,214.88,11,0.95
SKU_4,LOC_B,Store,2024-11-17,210.09,11,0.95
SKU_4,LOC_B,Store,2024-11-24,207.63,11,0.95
SKU_4,LOC_B,Store,2024-12-01,198.52,11,0.95
SKU_4,LOC_B,Store,2024-12-08,213.04,11,0.95
SKU_4,LOC_B,Store,2024-12-15,211.8,11,0.95
SKU_4,LOC_B,Store,2024-12-22,218.52,11,0.95
SKU_4,LOC_B,Store,2024-12-29,220.63,11,0.95
SKU_4,LOC_B,WH,2024-01-07,110.24,15,0.95
SKU_4,LOC_B,WH,2024-01-14,110.35,15,0.95
SKU_4,LOC_B,WH,2024-01-21,107.82,15,0.95
SKU_4,LOC_B,WH,2024-01-28,116.66,15,0.95
SKU_4,LOC_B,WH,2024-02-04,116.09,15,0.95
SKU_4,LOC_B,WH,2024-02-11,128.8,15,0.95
SKU_4,LOC_B,WH,2024-02-18,115.51,15,0.95
SKU_4,LOC_B,WH,2024-02-25,125.33,15,0.95
SKU_4,LOC_B,WH,2024-03-03,118.72,15,0.95
SKU_4,LOC_B,WH,2024-03-10,123.0,15,0.95
SKU_4,LOC_B,WH,2024-03-17,117.2,15,0.95
SKU_4,LOC_B,WH,2024-03-24,115.46,15,0.95
SKU_4,LOC_B,WH,2024-03-31,112.47,15,0.95
SKU_4,LOC_B,WH,2024-04-07,111.96,15,0.95
SKU_4,LOC_B,WH,2024-04-14,112.52,15,0.95
SKU_4,LOC_B,WH,2024-04-21,114.67,15,0.95
SKU_4,LOC_B,WH,2024-04-28,97.55,15,0.95
SKU_4,LOC_B,WH,2024-05-05,104.29,15,0.95
SKU_4,LOC_B,WH,2024-05-12,110.41,15,0.95
SKU_4,LOC_B,WH,2024-05-19,100.28,15,0.95
SKU_4,LOC_B,WH,2024-05-26,110.95,15,0.95
SKU_4,LOC_B,WH,2024-06-02,114.6,15,0.95
SKU_4,LOC_B,WH,2024-06-09,108.4,15,0.95
SKU_4,LOC_B,WH,2024-06-16,119.39,15,0.95
SKU_4,LOC_B,WH,2024-06-23,115.4,15,0.95
SKU_4,LOC_B,WH,2024-06-30,125.11,15,0.95
SKU_4,LOC_B,WH,2024-07-07,115.74,15,0.95
SKU_4,LOC_B,WH,2024-07-14,123.26,15,0.95
SKU_4,LOC_B,WH,2024-07-21,127.65,15,0.95
SKU_4,LOC_B,WH,2024-07-28,115.43,15,0.95
SKU_4,LOC_B,WH,2024-08-04,132.28,15,0.95
SKU_4,LOC_B,WH,2024-08-11,133.54,15,0.95
SKU_4,LOC_B,WH,2024-08-18,140.06,15,0.95
SKU_4,LOC_B,WH,2024-08-25,138.14,15,0.95
SKU_4,LOC_B,WH,2024-09-01,135.32,15,0.95
SKU_4,LOC_B,WH,2024-09-08,135.57,15,0.95
SKU_4,LOC_B,WH,2024-09-15,138.46,15,0.95
SKU_4,LOC_B,WH,2024-09-22,133.34,15,0.95
SKU_4,LOC_B,WH,2024-09-29,122.01,15,0.95
SKU_4,LOC_B,WH,2024-10-06,127.88,15,0.95
SKU_4,LOC_B,WH,2024-10-13,127.91,15,0.95
SKU_4,LOC_B,WH,2024-10-20,120.75,15,0.95
SKU_4,LOC_B,WH,2024-10-27,120.12,15,0.95
SKU_4,LOC_B,WH,2024-11-03,131.27,15,0.95
SKU_4,LOC_B,WH,2024-11-10,118.95,15,0.95
SKU_4,LOC_B,WH,2024-11-17,122.63,15,0.95
SKU_4,LOC_B,WH,2024-11-24,118.91,15,0.95
SKU_4,LOC_B,WH,2024-12-01,124.74,15,0.95
SKU_4,LOC_B,WH,2024-12-08,123.11,15,0.95
SKU_4,LOC_B,WH,2024-12-15,121.37,15,0.95
SKU_4,LOC_B,WH,2024-12-22,136.32,15,0.95
SKU_4,LOC_B,WH,2024-12-29,131.54,15,0.95
SKU_5,LOC_A,DC,2024-01-07,139.68,8,0.9
SKU_5,LOC_A,DC,2024-01-14,145.48,8,0.9
SKU_5,LOC_A,DC,2024-01-21,149.61,8,0.9
SKU_5,LOC_A,DC,2024-01-28,154.94,8,0.9
SKU_5,LOC_A,DC,2024-02-04,158.18,8,0.9
SKU_5,LOC_A,DC,2024-02-11,162.62,8,0.9
SKU_5,LOC_A,DC,2024-02-18,154.24,8,0.9
SKU_5,LOC_A,DC,2024-02-25,160.06,8,0.9
SKU_5,LOC_A,DC,2024-03-03,152.17,8,0.9
SKU_5,LOC_A,DC,2024-03-10,142.03,8,0.9
SKU_5,LOC_A,DC,2024-03-17,161.54,8,0.9
SKU_5,LOC_A,DC,2024-03-24,152.23,8,0.9
SKU_5,LOC_A,DC,2024-03-31,157.88,8,0.9
SKU_5,LOC_A,DC,2024-04-07,147.13,8,0.9
SKU_5,LOC_A,DC,2024-04-14,143.56,8,0.9
SKU_5,LOC_A,DC,2024-04-21,146.85,8,0.9
SKU_5,LOC_A,DC,2024-04-28,149.48,8,0.9
SKU_5,LOC_A,DC,2024-05-05,142.9,8,0.9
SKU_5,LOC_A,DC,2024-05-12,139.7,8,0.9
SKU_5,LOC_A,DC,2024-05-19,138.27,8,0.9
SKU_5,LOC_A,DC,2024-05-26,149.3,8,0.9
SKU_5,LOC_A,DC,2024-06-02,136.96,8,0.9
SKU_5,LOC_A,DC,2024-06-09,142.98,8,0.9
SKU_5,LOC_A,DC,2024-06-16,152.01,8,0.9
SKU_5,LOC_A,DC,2024-06-23,151.98,8,0.9
SKU_5,LOC_A,DC,2024-06-30,156.65,8,0.9
SKU_5,LOC_A,DC,2024-07-07,152.43,8,0.9
SKU_5,LOC_A,DC,2024-07-14,157.75,8,0.9
SKU_5,LOC_A,DC,2024-07-21,155.82,8,0.9
SKU_5,LOC_A,DC,2024-07-28,157.04,8,0.9
SKU_5,LOC_A,DC,2024-08-04,172.23,8,0.9
SKU_5,LOC_A,DC,2024-08-11,164.23,8,0.9
SKU_5,LOC_A,DC,2024-08-18,158.28,8,0.9
SKU_5,LOC_A,DC,2024-08-25,166.7,8,0.9
SKU_5,LOC_A,DC,2024-09-01,159.33,8,0.9
SKU_5,LOC_A,DC,2024-09-08,172.12,8,0.9
SKU_5,LOC_A,DC,2024-09-15,174.19,8,0.9
SKU_5,LOC_A,DC,2024-09-22,172.67,8,0.9
SKU_5,LOC_A,DC,2024-09-29,161.82,8,0.9
SKU_5,LOC_A,DC,2024-10-06,161.86,8,0.9
SKU_5,LOC_A,DC,2024-10-13,167.19,8,0.9
SKU_5,LOC_A,DC,2024-10-20,152.06,8,0.9
SKU_5,LOC_A,DC,2024-10-27,161.19,8,0.9
SKU_5,LOC_A,DC,2024-11-03,164.02,8,0.9
SKU_5,LOC_A,DC,2024-11-10,160.89,8,0.9
SKU_5,LOC_A,DC,2024-11-17,158.04,8,0.9
SKU_5,LOC_A,DC,2024-11-24,162.69,8,0.9
SKU_5,LOC_A,DC,2024-12-01,164.98,8,0.9
SKU_5,LOC_A,DC,2024-12-08,154.45,8,0.9
SKU_5,LOC_A,DC,2024-12-15,159.46,8,0.9
SKU_5,LOC_A,DC,2024-12-22,167.01,8,0.9
SKU_5,LOC_A,DC,2024-12-29,163.34,8,0.9
SKU_5,LOC_A,Store,2024-01-07,68.57,20,0.95
SKU_5,LOC_A,Store,2024-01-14,61.49,20,0.95
SKU_5,LOC_A,Store,2024-01-21,75.33,20,0.95
SKU_5,LOC_A,Store,2024-01-28,70.32,20,0.95
SKU_5,LOC_A,Store,2024-02-04,72.37,20,0.95
SKU_5,LOC_A,Store,2024-02-11,79.77,20,0.95
SKU_5,LOC_A,Store,2024-02-18,70.05,20,0.95
SKU_5,LOC_A,Store,2024-02-25,74.69,20,0.95
SKU_5,LOC_A,Store,2024-03-03,75.89,20,0.95
SKU_5,LOC_A,Store,2024-03-10,73.05,20,0.95
SKU_5,LOC_A,Store,2024-03-17,77.4,20,0.95
SKU_5,LOC_A,Store,2024-03-24,72.84,20,0.95
SKU_5,LOC_A,Store,2024-03-31,72.5,20,0.95
SKU_5,LOC_A,Store,2024-04-07,74.38,20,0.95
SKU_5,LOC_A,Store,2024-04-14,70.66,20,0.95
SKU_5,LOC_A,Store,2024-04-21,68.15,20,0.95
SKU_5,LOC_A,Store,2024-04-28,65.22,20,0.95
SKU_5,LOC_A,Store,2024-05-05,62.3,20,0.95
SKU_5,LOC_A,Store,2024-05-12,59.5,20,0.95
SKU_5,LOC_A,Store,2024-05-19,67.05,20,0.95
SKU_5,LOC_A,Store,2024-05-26,66.99,20,0.95
SKU_5,LOC_A,Store,2024-06-02,58.96,20,0.95
SKU_5,LOC_A,Store,2024-06-09,69.09,20,0.95
SKU_5,LOC_A,Store,2024-06-16,69.37,20,0.95
SKU_5,LOC_A,Store,2024-06-23,71.38,20,0.95
SKU_5,LOC_A,Store,2024-06-30,69.53,20,0.95
SKU_5,LOC_A,Store,2024-07-07,81.4,20,0.95
SKU_5,LOC_A,Store,2024-07-14,77.78,20,0.95
SKU_5,LOC_A,Store,2024-07-21,80.63,20,0.95
SKU_5,LOC_A,Store,2024-07-28,86.24,20,0.95
SKU_5,LOC_A,Store,2024-08-04,94.55,20,0.95
SKU_5,LOC_A,Store,2024-08-11,88.35,20,0.95
SKU_5,LOC_A,Store,2024-08-18,87.91,20,0.95
SKU_5,LOC_A,Store,2024-08-25,95.57,20,0.95
SKU_5,LOC_A,Store,2024-09-01,94.02,20,0.95
SKU_5,LOC_A,Store,2024-09-08,95.92,20,0.95
SKU_5,LOC_A,Store,2024-09-15,82.74,20,0.95
SKU_5,LOC_A,Store,2024-09-22,94.24,20,0.95
SKU_5,LOC_A,Store,2024-09-29,79.49,20,0.95
SKU_5,LOC_A,Store,2024-10-06,80.01,20,0.95
SKU_5,LOC_A,Store,2024-10-13,75.94,20,0.95
SKU_5,LOC_A,Store,2024-10-20,80.44,20,0.95
SKU_5,LOC_A,Store,2024-10-27,78.13,20,0.95
SKU_5,LOC_A,Store,2024-11-03,82.42,20,0.95
SKU_5,LOC_A,Store,2024-11-10,80.08,20,0.95
SKU_5,LOC_A,Store,2024-11-17,75.8,20,0.95
SKU_5,LOC_A,Store,2024-11-24,78.12,20,0.95
SKU_5,LOC_A,Store,2024-12-01,81.06,20,0.95
SKU_5,LOC_A,Store,2024-12-08,82.44,20,0.95
SKU_5,LOC_A,Store,2024-12-15,85.56,20,0.95
SKU_5,LOC_A,Store,2024-12-22,77.33,20,0.95
SKU_5,LOC_A,Store,2024-12-29,81.33,20,0.95
SKU_5,LOC_A,WH,2024-01-07,116.14,17,0.98
SKU_5,LOC_A,WH,2024-01-14,118.05,17,0.98
SKU_5,LOC_A,WH,2024-01-21,121.88,17,0.98
SKU_5,LOC_A,WH,2024-01-28,126.27,17,0.98
SKU_5,LOC_A,WH,2024-02-04,130.16,17,0.98
SKU_5,LOC_A,WH,2024-02-11,126.74,17,0.98
SKU_5,LOC_A,WH,2024-02-18,137.48,17,0.98
SKU_5,LOC_A,WH,2024-02-25,125.24,17,0.98
SKU_5,LOC_A,WH,2024-03-03,134.06,17,0.98
SKU_5,LOC_A,WH,2024-03-10,109.82,17,0.98
SKU_5,LOC_A,WH,2024-03-17,127.43,17,0.98
SKU_5,LOC_A,WH,2024-03-24,128.4,17,0.98
SKU_5,LOC_A,WH,2024-03-31,135.35,17,0.98
SKU_5,LOC_A,WH,2024-04-07,120.2,17,0.98
SKU_5,LOC_A,WH,2024-04-14,127.69,17,0.98
SKU_5,LOC_A,WH,2024-04-21,121.67,17,0.98
SKU_5,LOC_A,WH,2024-04-28,118.91,17,0.98
SKU_5,LOC_A,WH,2024-05-05,116.55,17,0.98
SKU_5,LOC_A,WH,2024-05-12,117.09,17,0.98
SKU_5,LOC_A,WH,2024-05-19,121.07,17,0.98
SKU_5,LOC_A,WH,2024-05-26,124.14,17,0.98
SKU_5,LOC_A,WH,2024-06-02,120.96,17,0.98
SKU_5,LOC_A,WH,2024-06-09,123.0,17,0.98
SKU_5,LOC_A,WH,2024-06-16,127.28,17,0.98
SKU_5,LOC_A,WH,2024-06-23,127.03,17,0.98
SKU_5,LOC_A,WH,2024-06-30,132.74,17,0.98
SKU_5,LOC_A,WH,2024-07-07,121.17,17,0.98
SKU_5,LOC_A,WH,2024-07-14,133.7,17,0.98
SKU_5,LOC_A,WH,2024-07-21,133.68,17,0.98
SKU_5,LOC_A,WH,2024-07-28,139.35,17,0.98
SKU_5,LOC_A,WH,2024-08-04,137.33,17,0.98
SKU_5,LOC_A,WH,2024-08-11,131.89,17,0.98
SKU_5,LOC_A,WH,2024-08-18,141.61,17,0.98
SKU_5,LOC_A,WH,2024-08-25,147.99,17,0.98
SKU_5,LOC_A,WH,2024-09-01,145.51,17,0.98
SKU_5,LOC_A,WH,2024-09-08,126.07,17,0.98
SKU_5,LOC_A,WH,2024-09-15,141.54,17,0.98
SKU_5,LOC_A,WH,2024-09-22,143.07,17,0.98
SKU_5,LOC_A,WH,2024-09-29,131.58,17,0.98
SKU_5,LOC_A,WH,2024-10-06,139.47,17,0.98
SKU_5,LOC_A,WH,2024-10-13,134.29,17,0.98
SKU_5,LOC_A,WH,2024-10-20,137.8,17,0.98
SKU_5,LOC_A,WH,2024-10-27,127.24,17,0.98
SKU_5,LOC_A,WH,2024-11-03,129.8,17,0.98
SKU_5,LOC_A,WH,2024-11-10,130.0,17,0.98
SKU_5,LOC_A,WH,2024-11-17,122.67,17,0.98
SKU_5,LOC_A,WH,2024-11-24,133.56,17,0.98
SKU_5,LOC_A,WH,2024-12-01,130.68,17,0.98
SKU_5,LOC_A,WH,2024-12-08,134.84,17,0.98
SKU_5,LOC_A,WH,2024-12-15,125.79,17,0.98
SKU_5,LOC_A,WH,2024-12-22,143.57,17,0.98
SKU_5,LOC_A,WH,2024-12-29,130.08,17,0.98
SKU_5,LOC_B,DC,2024-01-07,167.86,11,0.9
SKU_5,LOC_B,DC,2024-01-14,167.83,11,0.9
SKU_5,LOC_B,DC,2024-01-21,171.96,11,0.9
SKU_5,LOC_B,DC,2024-01-28,180.3,11,0.9
SKU_5,LOC_B,DC,2024-02-04,176.23,11,0.9
SKU_5,LOC_B,DC,2024-02-11,169.55,11,0.9
SKU_5,LOC_B,DC,2024-02-18,180.81,11,0.9
SKU_5,LOC_B,DC,2024-02-25,180.4,11,0.9
SKU_5,LOC_B,DC,2024-03-03,179.06,11,0.9
SKU_5,LOC_B,DC,2024-03-10,186.9,11,0.9
SKU_5,LOC_B,DC,2024-03-17,188.35,11,0.9
SKU_5,LOC_B,DC,2024-03-24,182.64,11,0.9
SKU_5,LOC_B,DC,2024-03-31,175.95,11,0.9
SKU_5,LOC_B,DC,2024-04-07,176.77,11,0.9
SKU_5,LOC_B,DC,2024-04-14,173.32,11,0.9
SKU_5,LOC_B,DC,2024-04-21,178.34,11,0.9
SKU_5,LOC_B,DC,2024-04-28,168.92,11,0.9
SKU_5,LOC_B,DC,2024-05-05,169.33,11,0.9
SKU_5,LOC_B,DC,2024-05-12,166.67,11,0.9
SKU_5,LOC_B,DC,2024-05-19,164.74,11,0.9
SKU_5,LOC_B,DC,2024-05-26,163.61,11,0.9
SKU_5,LOC_B,DC,2024-06-02,161.06,11,0.9
SKU_5,LOC_B,DC,2024-06-09,168.35,11,0.9
SKU_5,LOC_B,DC,2024-06-16,172.43,11,0.9
SKU_5,LOC_B,DC,2024-06-23,170.34,11,0.9
SKU_5,LOC_B,DC,2024-06-30,179.89,11,0.9
SKU_5,LOC_B,DC,2024-07-07,179.33,11,0.9
SKU_5,LOC_B,DC,2024-07-14,180.86,11,0.9
SKU_5,LOC_B,DC,2024-07-21,181.23,11,0.9
SKU_5,LOC_B,DC,2024-07-28,184.91,11,0.9
SKU_5,LOC_B,DC,2024-08-04,185.65,11,0.9
SKU_5,LOC_B,DC,2024-08-11,191.54,11,0.9
SKU_5,LOC_B,DC,2024-08-18,193.37,11,0.9
SKU_5,LOC_B,DC,2024-08-25,196.91,11,0.9
SKU_5,LOC_B,DC,2024-09-01,191.02,11,0.9
SKU_5,LOC_B,DC,2024-09-08,195.41,11,0.9
SKU_5,LOC_B,DC,2024-09-15,193.25,11,0.9
SKU_5,LOC_B,DC,2024-09-22,184.82,11,0.9
SKU_5,LOC_B,DC,2024-09-29,182.61,11,0.9
SKU_5,LOC_B,DC,2024-10-06,182.96,11,0.9
SKU_5,LOC_B,DC,2024-10-13,185.88,11,0.9
SKU_5,LOC_B,DC,2024-10-20,183.31,11,0.9
SKU_5,LOC_B,DC,2024-10-27,187.11,11,0.9
SKU_5,LOC_B,DC,2024-11-03,178.26,11,0.9
SKU_5,LOC_B,DC,2024-11-10,180.24,11,0.9
SKU_5,LOC_B,DC,2024-11-17,185.0,11,0.9
SKU_5,LOC_B,DC,2024-11-24,182.82,11,0.9
SKU_5,LOC_B,DC,2024-12-01,172.07,11,0.9
SKU_5,LOC_B,DC,2024-12-08,194.95,11,0.9
SKU_5,LOC_B,DC,2024-12-15,190.31,11,0.9
SKU_5,LOC_B,DC,2024-12-22,188.03,11,0.9
SKU_5,LOC_B,DC,2024-12-29,195.1,11,0.9
SKU_5,LOC_B,Store,2024-01-07,92.96,10,0.95
SKU_5,LOC_B,Store,2024-01-14,85.85,10,0.95
SKU_5,LOC_B,Store,2024-01-21,94.33,10,0.95
SKU_5,LOC_B,Store,2024-01-28,97.16,10,0.95
SKU_5,LOC_B,Store,2024-02-04,102.41,10,0.95
SKU_5,LOC_B,Store,2024-02-11,103.63,10,0.95
SKU_5,LOC_B,Store,2024-02-18,98.92,10,0.95
SKU_5,LOC_B,Store,2024-02-25,91.25,10,0.95
SKU_5,LOC_B,Store,2024-03-03,95.13,10,0.95
SKU_5,LOC_B,Store,2024-03-10,109.36,10,0.95
SKU_5,LOC_B,Store,2024-03-17,94.05,10,0.95
SKU_5,LOC_B,Store,2024-03-24,96.09,10,0.95
SKU_5,LOC_B,Store,2024-03-31,97.12,10,0.95
SKU_5,LOC_B,Store,2024-04-07,93.87,10,0.95
SKU_5,LOC_B,Store,2024-04-14,99.13,10,0.95
SKU_5,LOC_B,Store,2024-04-21,93.1,10,0.95
SKU_5,LOC_B,Store,2024-04-28,84.59,10,0.95
SKU_5,LOC_B,Store,2024-05-05,94.86,10,0.95
SKU_5,LOC_B,Store,2024-05-12,95.85,10,0.95
SKU_5,LOC_B,Store,2024-05-19,95.44,10,0.95
SKU_5,LOC_B,Store,2024-05-26,79.24,10,0.95
SKU_5,LOC_B,Store,2024-06-02,97.2,10,0.95
SKU_5,LOC_B,Store,2024-06-09,97.53,10,0.95
SKU_5,LOC_B,Store,2024-06-16,93.86,10,0.95
SKU_5,LOC_B,Store,2024-06-23,89.87,10,0.95
SKU_5,LOC_B,Store,2024-06-30,98.7,10,0.95
SKU_5,LOC_B,Store,2024-07-07,93.47,10,0.95
SKU_5,LOC_B,Store,2024-07-14,104.37,10,0.95
SKU_5,LOC_B,Store,2024-07-21,113.27,10,0.95
SKU_5,LOC_B,Store,2024-07-28,112.22,10,0.95
SKU_5,LOC_B,Store,2024-08-04,101.72,10,0.95
SKU_5,LOC_B,Store,2024-08-11,111.87,10,0.95
SKU_5,LOC_B,Store,2024-08-18,117.89,10,0.95
SKU_5,LOC_B,Store,2024-08-25,112.44,10,0.95
SKU_5,LOC_B,Store,2024-09-01,118.31,10,0.95
SKU_5,LOC_B,Store,2024-09-08,106.2,10,0.95
SKU_5,LOC_B,Store,2024-09-15,111.35,10,0.95
SKU_5,LOC_B,Store,2024-09-22,108.74,10,0.95
SKU_5,LOC_B,Store,2024-09-29,103.73,10,0.95
SKU_5,LOC_B,Store,2024-10-06,107.56,10,0.95
SKU_5,LOC_B,Store,2024-10-13,103.17,10,0.95
SKU_5,LOC_B,Store,2024-10-20,106.34,10,0.95
SKU_5,LOC_B,Store,2024-10-27,102.97,10,0.95
SKU_5,LOC_B,Store,2024-11-03,104.07,10,0.95
SKU_5,LOC_B,Store,2024-11-10,98.39,10,0.95
SKU_5,LOC_B,Store,2024-11-17,101.88,10,0.95
SKU_5,LOC_B,Store,2024-11-24,94.88,10,0.95
SKU_5,LOC_B,Store,2024-12-01,96.13,10,0.95
SKU_5,LOC_B,Store,2024-12-08,111.21,10,0.95
SKU_5,LOC_B,Store,2024-12-15,104.63,10,0.95
SKU_5,LOC_B,Store,2024-12-22,102.54,10,0.95
SKU_5,LOC_B,Store,2024-12-29,118.68,10,0.95
SKU_5,LOC_B,WH,2024-01-07,188.68,18,0.98
SKU_5,LOC_B,WH,2024-01-14,201.68,18,0.98
SKU_5,LOC_B,WH,2024-01-21,185.39,18,0.98
SKU_5,LOC_B,WH,2024-01-28,202.94,18,0.98
SKU_5,LOC_B,WH,2024-02-04,201.84,18,0.98
SKU_5,LOC_B,WH,2024-02-11,210.25,18,0.98
SKU_5,LOC_B,WH,2024-02-18,204.17,18,0.98
SKU_5,LOC_B,WH,2024-02-25,205.72,18,0.98
SKU_5,LOC_B,WH,2024-03-03,212.84,18,0.98
SKU_5,LOC_B,WH,2024-03-10,211.15,18,0.98
SKU_5,LOC_B,WH,2024-03-17,205.15,18,0.98
SKU_5,LOC_B,WH,2024-03-24,205.63,18,0.98
SKU_5,LOC_B,WH,2024-03-31,198.98,18,0.98
SKU_5,LOC_B,WH,2024-04-07,196.12,18,0.98
SKU_5,LOC_B,WH,2024-04-14,193.27,18,0.98
SKU_5,LOC_B,WH,2024-04-21,193.35,18,0.98
SKU_5,LOC_B,WH,2024-04-28,202.52,18,0.98
SKU_5,LOC_B,WH,2024-05-05,193.47,18,0.98
SKU_5,LOC_B,WH,2024-05-12,191.55,18,0.98
SKU_5,LOC_B,WH,2024-05-19,206.12,18,0.98
SKU_5,LOC_B,WH,2024-05-26,201.78,18,0.98
SKU_5,LOC_B,WH,2024-06-02,192.97,18,0.98
SKU_5,LOC_B,WH,2024-06-09,195.14,18,0.98
SKU_5,LOC_B,WH,2024-06-16,199.11,18,0.98
SKU_5,LOC_B,WH,2024-06-23,201.47,18,0.98
SKU_5,LOC_B,WH,2024-06-30,195.63,18,0.98
SKU_5,LOC_B,WH,2024-07-07,211.26,18,0.98
SKU_5,LOC_B,WH,2024-07-14,216.83,18,0.98
SKU_5,LOC_B,WH,2024-07-21,207.49,18,0.98
SKU_5,LOC_B,WH,2024-07-28,215.59,18,0.98
SKU_5,LOC_B,WH,2024-08-04,223.9,18,0.98
SKU_5,LOC_B,WH,2024-08-11,211.8,18,0.98
SKU_5,LOC_B,WH,2024-08-18,213.8,18,0.98
SKU_5,LOC_B,WH,2024-08-25,207.28,18,0.98
SKU_5,LOC_B,WH,2024-09-01,210.97,18,0.98
SKU_5,LOC_B,WH,2024-09-08,220.21,18,0.98
SKU_5,LOC_B,WH,2024-09-15,221.08,18,0.98
SKU_5,LOC_B,WH,2024-09-22,229.46,18,0.98
SKU_5,LOC_B,WH,2024-09-29,220.22,18,0.98
SKU_5,LOC_B,WH,2024-10-06,208.16,18,0.98
SKU_5,LOC_B,WH,2024-10-13,210.42,18,0.98
SKU_5,LOC_B,WH,2024-10-20,210.83,18,0.98
SKU_5,LOC_B,WH,2024-10-27,217.29,18,0.98
SKU_5,LOC_B,WH,2024-11-03,196.55,18,0.98
SKU_5,LOC_B,WH,2024-11-10,209.23,18,0.98
SKU_5,LOC_B,WH,2024-11-17,201.63,18,0.98
SKU_5,LOC_B,WH,2024-11-24,210.61,18,0.98
SKU_5,LOC_B,WH,2024-12-01,215.96,18,0.98
SKU_5,LOC_B,WH,2024-12-08,215.92,18,0.98
SKU_5,LOC_B,WH,2024-12-15,210.2,18,0.98
SKU_5,LOC_B,WH,2024-12-22,196.59,18,0.98
SKU_5,LOC_B,WH,2024-12-29,225.74,18,0.98
SKU_6,LOC_A,DC,2024-01-07,134.79,17,0.95
SKU_6,LOC_A,DC,2024-01-14,134.0,17,0.95
SKU_6,LOC_A,DC,2024-01-21,141.66,17,0.95
SKU_6,LOC_A,DC,2024-01-28,150.03,17,0.95
SKU_6,LOC_A,DC,2024-02-04,142.73,17,0.95
SKU_6,LOC_A,DC,2024-02-11,150.78,17,0.95
SKU_6,LOC_A,DC,2024-02-18,144.5,17,0.95
SKU_6,LOC_A,DC,2024-02-25,149.69,17,0.95
SKU_6,LOC_A,DC,2024-03-03,144.95,17,0.95
SKU_6,LOC_A,DC,2024-03-10,154.01,17,0.95
SKU_6,LOC_A,DC,2024-03-17,141.87,17,0.95
SKU_6,LOC_A,DC,2024-03-24,142.52,17,0.95
SKU_6,LOC_A,DC,2024-03-31,140.8,17,0.95
SKU_6,LOC_A,DC,2024-04-07,140.4,17,0.95
SKU_6,LOC_A,DC,2024-04-14,134.5,17,0.95
SKU_6,LOC_A,DC,2024-04-21,138.76,17,0.95
SKU_6,LOC_A,DC,2024-04-28,132.64,17,0.95
SKU_6,LOC_A,DC,2024-05-05,136.04,17,0.95
SKU_6,LOC_A,DC,2024-05-12,131.79,17,0.95
SKU_6,LOC_A,DC,2024-05-19,134.2,17,0.95
SKU_6,LOC_A,DC,2024-05-26,134.31,17,0.95
SKU_6,LOC_A,DC,2024-06-02,123.24,17,0.95
SKU_6,LOC_A,DC,2024-06-09,137.67,17,0.95
SKU_6,LOC_A,DC,2024-06-16,130.85,17,0.95
SKU_6,LOC_A,DC,2024-06-23,141.02,17,0.95
SKU_6,LOC_A,DC,2024-06-30,143.01,17,0.95
SKU_6,LOC_A,DC,2024-07-07,142.73,17,0.95
SKU_6,LOC_A,DC,2024-07-14,146.87,17,0.95
SKU_6,LOC_A,DC,2024-07-21,147.41,17,0.95
SKU_6,LOC_A,DC,2024-07-28,158.06,17,0.95
SKU_6,LOC_A,DC,2024-08-04,157.33,17,0.95
SKU_6,LOC_A,DC,2024-08-11,159.25,17,0.95
SKU_6,LOC_A,DC,2024-08-18,169.53,17,0.95
SKU_6,LOC_A,DC,2024-08-25,156.93,17,0.95
SKU_6,LOC_A,DC,2024-09-01,158.4,17,0.95
SKU_6,LOC_A,DC,2024-09-08,157.57,17,0.95
SKU_6,LOC_A,DC,2024-09-15,151.76,17,0.95
SKU_6,LOC_A,DC,2024-09-22,160.21,17,0.95
SKU_6,LOC_A,DC,2024-09-29,150.37,17,0.95
SKU_6,LOC_A,DC,2024-10-06,144.41,17,0.95
SKU_6,LOC_A,DC,2024-10-13,149.79,17,0.95
SKU_6,LOC_A,DC,2024-10-20,158.2,17,0.95
SKU_6,LOC_A,DC,2024-10-27,149.16,17,0.95
SKU_6,LOC_A,DC,2024-11-03,146.94,17,0.95
SKU_6,LOC_A,DC,2024-11-10,144.45,17,0.95
SKU_6,LOC_A,DC,2024-11-17,140.38,17,0.95
SKU_6,LOC_A,DC,2024-11-24,146.12,17,0.95
SKU_6,LOC_A,DC,2024-12-01,148.8,17,0.95
SKU_6,LOC_A,DC,2024-12-08,146.9,17,0.95
SKU_6,LOC_A,DC,2024-12-15,150.36,17,0.95
SKU_6,LOC_A,DC,2024-12-22,147.07,17,0.95
SKU_6,LOC_A,DC,2024-12-29,153.32,17,0.95
SKU_6,LOC_A,Store,2024-01-07,81.77,14,0.9
SKU_6,LOC_A,Store,2024-01-14,77.71,14,0.9
SKU_6,LOC_A,Store,2024-01-21,80.77,14,0.9
SKU_6,LOC_A,Store,2024-01-28,83.61,14,0.9
SKU_6,LOC_A,Store,2024-02-04,89.95,14,0.9
SKU_6,LOC_A,Store,2024-02-11,92.34,14,0.9
SKU_6,LOC_A,Store,2024-02-18,82.19,14,0.9
SKU_6,LOC_A,Store,2024-02-25,93.75,14,0.9
SKU_6,LOC_A,Store,2024-03-03,100.37,14,0.9
SKU_6,LOC_A,Store,2024-03-10,84.91,14,0.9
SKU_6,LOC_A,Store,2024-03-17,85.02,14,0.9
SKU_6,LOC_A,Store,2024-03-24,78.34,14,0.9
SKU_6,LOC_A,Store,2024-03-31,88.59,14,0.9
SKU_6,LOC_A,Store,2024-04-07,88.15,14,0.9
SKU_6,LOC_A,Store,2024-04-14,82.5,14,0.9
SKU_6,LOC_A,Store,2024-04-21,90.17,14,0.9
SKU_6,LOC_A,Store,2024-04-28,81.32,14,0.9
SKU_6,LOC_A,Store,2024-05-05,75.35,14,0.9
SKU_6,LOC_A,Store,2024-05-12,76.55,14,0.9
SKU_6,LOC_A,Store,2024-05-19,74.32,14,0.9
SKU_6,LOC_A,Store,2024-05-26,79.6,14,0.9
SKU_6,LOC_A,Store,2024-06-02,77.97,14,0.9
SKU_6,LOC_A,Store,2024-06-09,74.46,14,0.9
SKU_6,LOC_A,Store,2024-06-16,80.79,14,0.9
SKU_6,LOC_A,Store,2024-06-23,86.89,14,0.9
SKU_6,LOC_A,Store,2024-06-30,86.7,14,0.9
SKU_6,LOC_A,Store,2024-07-07,99.75,14,0.9
SKU_6,LOC_A,Store,2024-07-14,86.91,14,0.9
SKU_6,LOC_A,Store,2024-07-21,98.15,14,0.9
SKU_6,LOC_A,Store,2024-07-28,91.68,14,0.9
SKU_6,LOC_A,Store,2024-08-04,99.37,14,0.9
SKU_6,LOC_A,Store,2024-08-11,103.58,14,0.9
SKU_6,LOC_A,Store,2024-08-18,105.04,14,0.9
SKU_6,LOC_A,Store,2024-08-25,97.75,14,0.9
SKU_6,LOC_A,Store,2024-09-01,103.46,14,0.9
SKU_6,LOC_A,Store,2024-09-08,106.82,14,0.9
SKU_6,LOC_A,Store,2024-09-15,95.81,14,0.9
SKU_6,LOC_A,Store,2024-09-22,103.2,14,0.9
SKU_6,LOC_A,Store,2024-09-29,109.08,14,0.9
SKU_6,LOC_A,Store,2024-10-06,96.67,14,0.9
SKU_6,LOC_A,Store,2024-10-13,90.17,14,0.9
SKU_6,LOC_A,Store,2024-10-20,87.35,14,0.9
SKU_6,LOC_A,Store,2024-10-27,89.57,14,0.9
SKU_6,LOC_A,Store,2024-11-03,92.64,14,0.9
SKU_6,LOC_A,Store,2024-11-10,88.3,14,0.9
SKU_6,LOC_A,Store,2024-11-17,92.66,14,0.9
SKU_6,LOC_A,Store,2024-11-24,86.8,14,0.9
SKU_6,LOC_A,Store,2024-12-01,87.55,14,0.9
SKU_6,LOC_A,Store,2024-12-08,94.14,14,0.9
SKU_6,LOC_A,Store,2024-12-15,98.6,14,0.9
SKU_6,LOC_A,Store,2024-12-22,95.82,14,0.9
SKU_6,LOC_A,Store,2024-12-29,99.22,14,0.9
SKU_6,LOC_A,WH,2024-01-07,161.25,6,0.9
SKU_6,LOC_A,WH,2024-01-14,156.64,6,0.9
SKU_6,LOC_A,WH,2024-01-21,158.24,6,0.9
SKU_6,LOC_A,WH,2024-01-28,160.7,6,0.9
SKU_6,LOC_A,WH,2024-02-04,158.76,6,0.9
SKU_6,LOC_A,WH,2024-02-11,163.06,6,0.9
SKU_6,LOC_A,WH,2024-02-18,158.66,6,0.9
SKU_6,LOC_A,WH,2024-02-25,158.55,6,0.9
SKU_6,LOC_A,WH,2024-03-03,170.45,6,0.9
SKU_6,LOC_A,WH,2024-03-10,165.54,6,0.9
SKU_6,LOC_A,WH,2024-03-17,155.81,6,0.9
SKU_6,LOC_A,WH,2024-03-24,158.05,6,0.9
SKU_6,LOC_A,WH,2024-03-31,166.18,6,0.9
SKU_6,LOC_A,WH,2024-04-07,159.49,6,0.9
SKU_6,LOC_A,WH,2024-04-14,162.14,6,0.9
SKU_6,LOC_A,WH,2024-04-21,167.52,6,0.9
SKU_6,LOC_A,WH,2024-04-28,155.6,6,0.9
SKU_6,LOC_A,WH,2024-05-05,152.24,6,0.9
SKU_6,LOC_A,WH,2024-05-12,153.81,6,0.9
SKU_6,LOC_A,WH,2024-05-19,155.67,6,0.9
SKU_6,LOC_A,WH,2024-05-26,155.96,6,0.9
SKU_6,LOC_A,WH,2024-06-02,160.11,6,0.9
SKU_6,LOC_A,WH,2024-06-09,160.24,6,0.9
SKU_6,LOC_A,WH,2024-06-16,165.9,6,0.9
SKU_6,LOC_A,WH,2024-06-23,151.8,6,0.9
SKU_6,LOC_A,WH,2024-06-30,156.96,6,0.9
SKU_6,LOC_A,WH,2024-07-07,175.33,6,0.9
SKU_6,LOC_A,WH,2024-07-14,161.46,6,0.9
SKU_6,LOC_A,WH,2024-07-21,170.45,6,0.9
SKU_6,LOC_A,WH,2024-07-28,172.36,6,0.9
SKU_6,LOC_A,WH,2024-08-04,176.29,6,0.9
SKU_6,LOC_A,WH,2024-08-11,175.88,6,0.9
SKU_6,LOC_A,WH,2024-08-18,176.49,6,0.9
SKU_6,LOC_A,WH,2024-08-25,173.96,6,0.9
SKU_6,LOC_A,WH,2024-09-01,174.69,6,0.9
SKU_6,LOC_A,WH,2024-09-08,176.92,6,0.9
SKU_6,LOC_A,WH,2024-09-15,175.54,6,0.9
SKU_6,LOC_A,WH,2024-09-22,179.21,6,0.9
SKU_6,LOC_A,WH,2024-09-29,181.42,6,0.9
SKU_6,LOC_A,WH,2024-10-06,164.86,6,0.9
SKU_6,LOC_A,WH,2024-10-13,179.76,6,0.9
SKU_6,LOC_A,WH,2024-10-20,172.65,6,0.9
SKU_6,LOC_A,WH,2024-10-27,158.51,6,0.9
SKU_6,LOC_A,WH,2024-11-03,157.03,6,0.9
SKU_6,LOC_A,WH,2024-11-10,160.68,6,0.9
SKU_6,LOC_A,WH,2024-11-17,155.33,6,0.9
SKU_6,LOC_A,WH,2024-11-24,164.59,6,0.9
SKU_6,LOC_A,WH,2024-12-01,179.25,6,0.9
SKU_6,LOC_A,WH,2024-12-08,172.92,6,0.9
SKU_6,LOC_A,WH,2024-12-15,165.28,6,0.9
SKU_6,LOC_A,WH,2024-12-22,164.24,6,0.9
SKU_6,LOC_A,WH,2024-12-29,178.13,6,0.9
SKU_6,LOC_B,DC,2024-01-07,189.74,6,0.9
SKU_6,LOC_B,DC,2024-01-14,189.63,6,0.9
SKU_6,LOC_B,DC,2024-01-21,196.49,6,0.9
SKU_6,LOC_B,DC,2024-01-28,195.92,6,0.9
SKU_6,LOC_B,DC,2024-02-04,206.56,6,0.9
SKU_6,LOC_B,DC,2024-02-11,202.77,6,0.9
SKU_6,LOC_B,DC,2024-02-18,214.01,6,0.9
SKU_6,LOC_B,DC,2024-02-25,207.71,6,0.9
SKU_6,LOC_B,DC,2024-03-03,205.63,6,0.9
SKU_6,LOC_B,DC,2024-03-10,202.66,6,0.9
SKU_6,LOC_B,DC,2024-03-17,209.29,6,0.9
SKU_6,LOC_B,DC,2024-03-24,203.99,6,0.9
SKU_6,LOC_B,DC,2024-03-31,192.84,6,0.9
SKU_6,LOC_B,DC,2024-04-07,203.66,6,0.9
SKU_6,LOC_B,DC,2024-04-14,191.57,6,0.9
SKU_6,LOC_B,DC,2024-04-21,183.78,6,0.9
SKU_6,LOC_B,DC,2024-04-28,189.88,6,0.9
SKU_6,LOC_B,DC,2024-05-05,186.98,6,0.9
SKU_6,LOC_B,DC,2024-05-12,193.28,6,0.9
SKU_6,LOC_B,DC,2024-05-19,195.81,6,0.9
SKU_6,LOC_B,DC,2024-05-26,186.99,6,0.9
SKU_6,LOC_B,DC,2024-06-02,195.09,6,0.9
SKU_6,LOC_B,DC,2024-06-09,192.16,6,0.9
SKU_6,LOC_B,DC,2024-06-16,193.01,6,0.9
SKU_6,LOC_B,DC,2024-06-23,194.75,6,0.9
SKU_6,LOC_B,DC,2024-06-30,188.46,6,0.9
SKU_6,LOC_B,DC,2024-07-07,203.71,6,0.9
SKU_6,LOC_B,DC,2024-07-14,209.03,6,0.9
SKU_6,LOC_B,DC,2024-07-21,212.34,6,0.9
SKU_6,LOC_B,DC,2024-07-28,217.48,6,0.9
SKU_6,LOC_B,DC,2024-08-04,208.39,6,0.9
SKU_6,LOC_B,DC,2024-08-11,208.23,6,0.9
SKU_6,LOC_B,DC,2024-08-18,219.64,6,0.9
SKU_6,LOC_B,DC,2024-08-25,214.6,6,0.9
SKU_6,LOC_B,DC,2024-09-01,224.58,6,0.9
SKU_6,LOC_B,DC,2024-09-08,220.46,6,0.9
SKU_6,LOC_B,DC,2024-09-15,220.6,6,0.9
SKU_6,LOC_B,DC,2024-09-22,218.32,6,0.9
SKU_6,LOC_B,DC,2024-09-29,214.84,6,0.9
SKU_6,LOC_B,DC,2024-10-06,216.89,6,0.9
SKU_6,LOC_B,DC,2024-10-13,209.37,6,0.9
SKU_6,LOC_B,DC,2024-10-20,199.99,6,0.9
SKU_6,LOC_B,DC,2024-10-27,206.9,6,0.9
SKU_6,LOC_B,DC,2024-11-03,208.94,6,0.9
SKU_6,LOC_B,DC,2024-11-10,211.34,6,0.9
SKU_6,LOC_B,DC,2024-11-17,203.37,6,0.9
SKU_6,LOC_B,DC,2024-11-24,200.4,6,0.9
SKU_6,LOC_B,DC,2024-12-01,201.37,6,0.9
SKU_6,LOC_B,DC,2024-12-08,207.46,6,0.9
SKU_6,LOC_B,DC,2024-12-15,209.7,6,0.9
SKU_6,LOC_B,DC,2024-12-22,207.97,6,0.9
SKU_6,LOC_B,DC,2024-12-29,217.58,6,0.9
SKU_6,LOC_B,Store,2024-01-07,63.04,20,0.98
SKU_6,LOC_B,Store,2024-01-14,69.71,20,0.98
SKU_6,LOC_B,Store,2024-01-21,76.49,20,0.98
SKU_6,LOC_B,Store,2024-01-28,73.42,20,0.98
SKU_6,LOC_B,Store,2024-02-04,64.07,20,0.98
SKU_6,LOC_B,Store,2024-02-11,78.72,20,0.98
SKU_6,LOC_B,Store,2024-02-18,80.46,20,0.98
SKU_6,LOC_B,Store,2024-02-25,74.88,20,0.98
SKU_6,LOC_B,Store,2024-03-03,73.72,20,0.98
SKU_6,LOC_B,Store,2024-03-10,72.52,20,0.98
SKU_6,LOC_B,Store,2024-03-17,66.25,20,0.98
SKU_6,LOC_B,Store,2024-03-24,67.6,20,0.98
SKU_6,LOC_B,Store,2024-03-31,69.71,20,0.98
SKU_6,LOC_B,Store,2024-04-07,64.8,20,0.98
SKU_6,LOC_B,Store,2024-04-14,72.72,20,0.98
SKU_6,LOC_B,Store,2024-04-21,61.32,20,0.98
SKU_6,LOC_B,Store,2024-04-28,64.43,20,0.98
SKU_6,LOC_B,Store,2024-05-05,55.94,20,0.98
SKU_6,LOC_B,Store,2024-05-12,62.17,20,0.98
SKU_6,LOC_B,Store,2024-05-19,72.93,20,0.98
SKU_6,LOC_B,Store,2024-05-26,61.95,20,0.98
SKU_6,LOC_B,Store,2024-06-02,64.12,20,0.98
SKU_6,LOC_B,Store,2024-06-09,66.31,20,0.98
SKU_6,LOC_B,Store,2024-06-16,65.67,20,0.98
SKU_6,LOC_B,Store,2024-06-23,69.04,20,0.98
SKU_6,LOC_B,Store,2024-06-30,74.51,20,0.98
SKU_6,LOC_B,Store,2024-07-07,68.83,20,0.98
SKU_6,LOC_B,Store,2024-07-14,84.65,20,0.98
SKU_6,LOC_B,Store,2024-07-21,79.97,20,0.98
SKU_6,LOC_B,Store,2024-07-28,80.16,20,0.98
SKU_6,LOC_B,Store,2024-08-04,82.46,20,0.98
SKU_6,LOC_B,Store,2024-08-11,86.51,20,0.98
SKU_6,LOC_B,Store,2024-08-18,90.0,20,0.98
SKU_6,LOC_B,Store,2024-08-25,95.82,20,0.98
SKU_6,LOC_B,Store,2024-09-01,91.17,20,0.98
SKU_6,LOC_B,Store,2024-09-08,97.4,20,0.98
SKU_6,LOC_B,Store,2024-09-15,81.68,20,0.98
SKU_6,LOC_B,Store,2024-09-22,91.49,20,0.98
SKU_6,LOC_B,Store,2024-09-29,92.4,20,0.98
SKU_6,LOC_B,Store,2024-10-06,86.66,20,0.98
SKU_6,LOC_B,Store,2024-10-13,85.13,20,0.98
SKU_6,LOC_B,Store,2024-10-20,80.66,20,0.98
SKU_6,LOC_B,Store,2024-10-27,75.19,20,0.98
SKU_6,LOC_B,Store,2024-11-03,78.49,20,0.98
SKU_6,LOC_B,Store,2024-11-10,82.5,20,0.98
SKU_6,LOC_B,Store,2024-11-17,72.15,20,0.98
SKU_6,LOC_B,Store,2024-11-24,83.74,20,0.98
SKU_6,LOC_B,Store,2024-12-01,79.8,20,0.98
SKU_6,LOC_B,Store,2024-12-08,79.3,20,0.98
SKU_6,LOC_B,Store,2024-12-15,85.17,20,0.98
SKU_6,LOC_B,Store,2024-12-22,91.66,20,0.98
SKU_6,LOC_B,Store,2024-12-29,90.62,20,0.98
SKU_6,LOC_B,WH,2024-01-07,69.91,5,0.95
SKU_6,LOC_B,WH,2024-01-14,72.64,5,0.95
SKU_6,LOC_B,WH,2024-01-21,80.26,5,0.95
SKU_6,LOC_B,WH,2024-01-28,70.64,5,0.95
SKU_6,LOC_B,WH,2024-02-04,80.03,5,0.95
SKU_6,LOC_B,WH,2024-02-11,84.91,5,0.95
SKU_6,LOC_B,WH,2024-02-18,77.26,5,0.95
SKU_6,LOC_B,WH,2024-02-25,77.71,5,0.95
SKU_6,LOC_B,WH,2024-03-03,89.39,5,0.95
SKU_6,LOC_B,WH,2024-03-10,80.74,5,0.95
SKU_6,LOC_B,WH,2024-03-17,81.09,5,0.95
SKU_6,LOC_B,WH,2024-03-24,91.86,5,0.95
SKU_6,LOC_B,WH,2024-03-31,70.18,5,0.95
SKU_6,LOC_B,WH,2024-04-07,79.54,5,0.95
SKU_6,LOC_B,WH,2024-04-14,69.22,5,0.95
SKU_6,LOC_B,WH,2024-04-21,77.71,5,0.95
SKU_6,LOC_B,WH,2024-04-28,73.49,5,0.95
SKU_6,LOC_B,WH,2024-05-05,72.97,5,0.95
SKU_6,LOC_B,WH,2024-05-12,67.92,5,0.95
SKU_6,LOC_B,WH,2024-05-19,75.39,5,0.95
SKU_6,LOC_B,WH,2024-05-26,72.02,5,0.95
SKU_6,LOC_B,WH,2024-06-02,71.89,5,0.95
SKU_6,LOC_B,WH,2024-06-09,75.28,5,0.95
SKU_6,LOC_B,WH,2024-06-16,71.54,5,0.95
SKU_6,LOC_B,WH,2024-06-23,74.63,5,0.95
SKU_6,LOC_B,WH,2024-06-30,73.88,5,0.95
SKU_6,LOC_B,WH,2024-07-07,84.01,5,0.95
SKU_6,LOC_B,WH,2024-07-14,78.83,5,0.95
SKU_6,LOC_B,WH,2024-07-21,89.18,5,0.95
SKU_6,LOC_B,WH,2024-07-28,84.09,5,0.95
SKU_6,LOC_B,WH,2024-08-04,84.05,5,0.95
SKU_6,LOC_B,WH,2024-08-11,77.8,5,0.95
SKU_6,LOC_B,WH,2024-08-18,89.27,5,0.95
SKU_6,LOC_B,WH,2024-08-25,93.05,5,0.95
SKU_6,LOC_B,WH,2024-09-01,94.75,5,0.95
SKU_6,LOC_B,WH,2024-09-08,94.73,5,0.95
SKU_6,LOC_B,WH,2024-09-15,100.57,5,0.95
SKU_6,LOC_B,WH,2024-09-22,95.42,5,0.95
SKU_6,LOC_B,WH,2024-09-29,92.47,5,0.95
SKU_6,LOC_B,WH,2024-10-06,80.67,5,0.95
SKU_6,LOC_B,WH,2024-10-13,84.7,5,0.95
SKU_6,LOC_B,WH,2024-10-20,90.41,5,0.95
SKU_6,LOC_B,WH,2024-10-27,90.85,5,0.95
SKU_6,LOC_B,WH,2024-11-03,84.01,5,0.95
SKU_6,LOC_B,WH,2024-11-10,82.24,5,0.95
SKU_6,LOC_B,WH,2024-11-17,83.84,5,0.95
SKU_6,LOC_B,WH,2024-11-24,80.82,5,0.95
SKU_6,LOC_B,WH,2024-12-01,79.89,5,0.95
SKU_6,LOC_B,WH,2024-12-08,90.11,5,0.95
SKU_6,LOC_B,WH,2024-12-15,92.37,5,0.95
SKU_6,LOC_B,WH,2024-12-22,93.39,5,0.95
SKU_6,LOC_B,WH,2024-12-29,90.21,5,0.95
